type,count,amount,state,year,quarter,source,category,country,date,avg_transaction_value,growth
insurance,185348,33732166.0,All,2020,2,aggregated,insurance,india,2020-Q2,181.99368754990613,
insurance,354284,89495076.0,All,2020,3,aggregated,insurance,india,2020-Q3,252.60829165302414,0.9114530504780198
insurance,248626,170979933.0,All,2020,4,aggregated,insurance,india,2020-Q4,687.6993275039617,-0.29822966885323643
insurance,318119,206307024.0,All,2021,1,aggregated,insurance,india,2021-Q1,648.5215406813173,0.2795081769404648
insurance,363989,295066678.0,All,2021,2,aggregated,insurance,india,2021-Q2,810.6472393396504,0.1441913246300912
insurance,374867,342403352.0,All,2021,3,aggregated,insurance,india,2021-Q3,913.3995577098011,0.02988551851841681
insurance,526327,655431877.0,All,2021,4,aggregated,insurance,india,2021-Q4,1245.2940415369153,0.40403663165869497
insurance,617606,887447241.0,All,2022,1,aggregated,insurance,india,2022-Q1,1436.9148631975725,0.17342640601755188
insurance,630758,857034846.0,All,2022,2,aggregated,insurance,india,2022-Q2,1358.7379724078014,0.02129512990482607
insurance,806491,1054717869.0,All,2022,3,aggregated,insurance,india,2022-Q3,1307.7862852778271,0.27860605810786376
insurance,1035364,1408801224.0,All,2022,4,aggregated,insurance,india,2022-Q4,1360.6820635061679,0.2837886597618573
insurance,923173,1408801224.0,All,2023,1,aggregated,insurance,india,2023-Q1,1526.0424904107897,-0.1083589925861822
insurance,893850,1347399873.0,All,2023,2,aggregated,insurance,india,2023-Q2,1507.4116160429603,-0.03176327730555373
insurance,1010211,1408801224.0,All,2023,3,aggregated,insurance,india,2023-Q3,1394.5613579737303,0.1301795603289142
insurance,1159063,1408801224.0,All,2023,4,aggregated,insurance,india,2023-Q4,1215.4656166230827,0.14734743533776617
insurance,1273789,1408801224.0,All,2024,1,aggregated,insurance,india,2024-Q1,1105.9926125912534,0.09898167744117448
insurance,1105041,1408801224.0,All,2024,2,aggregated,insurance,india,2024-Q2,1274.8859309292595,-0.13247719991301543
insurance,1213629,1408801224.0,All,2024,3,aggregated,insurance,india,2024-Q3,1160.817040462942,0.09826603718776039
insurance,1475429,1408801224.0,All,2024,4,aggregated,insurance,india,2024-Q4,954.8417605997985,0.21571666464792782
insurance,6,1360.0,Andaman-&-Nicobar-Islands,2020,2,aggregated,insurance,india,2020-Q2,226.66666666666666,
insurance,41,15380.0,Andaman-&-Nicobar-Islands,2020,3,aggregated,insurance,india,2020-Q3,375.1219512195122,5.833333333333333
insurance,124,157975.0,Andaman-&-Nicobar-Islands,2020,4,aggregated,insurance,india,2020-Q4,1273.991935483871,2.024390243902439
insurance,225,244266.0,Andaman-&-Nicobar-Islands,2021,1,aggregated,insurance,india,2021-Q1,1085.6266666666668,0.814516129032258
insurance,137,181504.0,Andaman-&-Nicobar-Islands,2021,2,aggregated,insurance,india,2021-Q2,1324.846715328467,-0.3911111111111111
insurance,230,305235.0,Andaman-&-Nicobar-Islands,2021,3,aggregated,insurance,india,2021-Q3,1327.108695652174,0.6788321167883211
insurance,757,1056380.0,Andaman-&-Nicobar-Islands,2021,4,aggregated,insurance,india,2021-Q4,1395.4821664464994,2.291304347826087
insurance,768,1131287.0,Andaman-&-Nicobar-Islands,2022,1,aggregated,insurance,india,2022-Q1,1473.0299479166667,0.014531043593130732
insurance,501,779740.0,Andaman-&-Nicobar-Islands,2022,2,aggregated,insurance,india,2022-Q2,1556.367265469062,-0.34765625
insurance,643,902466.0,Andaman-&-Nicobar-Islands,2022,3,aggregated,insurance,india,2022-Q3,1403.524105754277,0.28343313373253487
insurance,901,1441210.0,Andaman-&-Nicobar-Islands,2022,4,aggregated,insurance,india,2022-Q4,1599.5671476137625,0.40124416796267504
insurance,1004,1439198.0,Andaman-&-Nicobar-Islands,2023,1,aggregated,insurance,india,2023-Q1,1433.4641434262949,0.11431742508324083
insurance,768,1233395.0,Andaman-&-Nicobar-Islands,2023,2,aggregated,insurance,india,2023-Q2,1605.9830729166667,-0.2350597609561753
insurance,795,1251145.0,Andaman-&-Nicobar-Islands,2023,3,aggregated,insurance,india,2023-Q3,1573.7672955974842,0.03515625
insurance,1145,1757821.0,Andaman-&-Nicobar-Islands,2023,4,aggregated,insurance,india,2023-Q4,1535.2148471615722,0.4402515723270439
insurance,1371,1964556.0,Andaman-&-Nicobar-Islands,2024,1,aggregated,insurance,india,2024-Q1,1432.9365426695842,0.19737991266375543
insurance,1097,1744694.0,Andaman-&-Nicobar-Islands,2024,2,aggregated,insurance,india,2024-Q2,1590.4229717411122,-0.19985412107950407
insurance,1191,1752800.0,Andaman-&-Nicobar-Islands,2024,3,aggregated,insurance,india,2024-Q3,1471.7044500419815,0.08568824065633551
insurance,1293,2026380.0,Andaman-&-Nicobar-Islands,2024,4,aggregated,insurance,india,2024-Q4,1567.1925754060326,0.08564231738035266
insurance,22104,3982391.0,Andhra-Pradesh,2020,2,aggregated,insurance,india,2020-Q2,180.16607853782122,
insurance,49812,12426481.0,Andhra-Pradesh,2020,3,aggregated,insurance,india,2020-Q3,249.4676182445997,1.253528773072747
insurance,21464,12985632.0,Andhra-Pradesh,2020,4,aggregated,insurance,india,2020-Q4,604.9959001118151,-0.5690998153055489
insurance,22105,12749874.0,Andhra-Pradesh,2021,1,aggregated,insurance,india,2021-Q1,576.7868807962,0.029863958255683887
insurance,33205,22730687.0,Andhra-Pradesh,2021,2,aggregated,insurance,india,2021-Q2,684.5561511820509,0.5021488351051797
insurance,23075,19914338.0,Andhra-Pradesh,2021,3,aggregated,insurance,india,2021-Q3,863.0265655471289,-0.30507453696732423
insurance,25423,31610335.0,Andhra-Pradesh,2021,4,aggregated,insurance,india,2021-Q4,1243.3754867639539,0.10175514626218862
insurance,29954,42648157.0,Andhra-Pradesh,2022,1,aggregated,insurance,india,2022-Q1,1423.788375509114,0.17822444243401647
insurance,32185,41708072.0,Andhra-Pradesh,2022,2,aggregated,insurance,india,2022-Q2,1295.88541245922,0.07448087066835818
insurance,39301,48791931.0,Andhra-Pradesh,2022,3,aggregated,insurance,india,2022-Q3,1241.493371669932,0.2210967842162499
insurance,44329,58043239.0,Andhra-Pradesh,2022,4,aggregated,insurance,india,2022-Q4,1309.3739764037086,0.12793567593699895
insurance,34920,51963355.0,Andhra-Pradesh,2023,1,aggregated,insurance,india,2023-Q1,1488.0685853379152,-0.21225382932166303
insurance,36376,52067478.0,Andhra-Pradesh,2023,2,aggregated,insurance,india,2023-Q2,1431.368979546954,0.04169530355097373
insurance,43150,57802396.0,Andhra-Pradesh,2023,3,aggregated,insurance,india,2023-Q3,1339.568852838934,0.18622168462722666
insurance,41798,62342423.0,Andhra-Pradesh,2023,4,aggregated,insurance,india,2023-Q4,1491.5168907603233,-0.03133256083429892
insurance,46582,63563802.0,Andhra-Pradesh,2024,1,aggregated,insurance,india,2024-Q1,1364.5571680048088,0.1144552370926839
insurance,42547,62948281.0,Andhra-Pradesh,2024,2,aggregated,insurance,india,2024-Q2,1479.4998707311913,-0.08662144175861919
insurance,48014,73915199.0,Andhra-Pradesh,2024,3,aggregated,insurance,india,2024-Q3,1539.450972632982,0.12849319575998308
insurance,61425,80028914.0,Andhra-Pradesh,2024,4,aggregated,insurance,india,2024-Q4,1302.8720227920228,0.2793143666430624
insurance,65,14329.0,Arunachal-Pradesh,2020,2,aggregated,insurance,india,2020-Q2,220.44615384615383,
insurance,135,39687.0,Arunachal-Pradesh,2020,3,aggregated,insurance,india,2020-Q3,293.97777777777776,1.076923076923077
insurance,125,84247.0,Arunachal-Pradesh,2020,4,aggregated,insurance,india,2020-Q4,673.976,-0.07407407407407407
insurance,194,131611.0,Arunachal-Pradesh,2021,1,aggregated,insurance,india,2021-Q1,678.4072164948453,0.552
insurance,204,224928.0,Arunachal-Pradesh,2021,2,aggregated,insurance,india,2021-Q2,1102.5882352941176,0.05154639175257736
insurance,212,371051.0,Arunachal-Pradesh,2021,3,aggregated,insurance,india,2021-Q3,1750.2405660377358,0.03921568627450989
insurance,320,598459.0,Arunachal-Pradesh,2021,4,aggregated,insurance,india,2021-Q4,1870.184375,0.509433962264151
insurance,355,894107.0,Arunachal-Pradesh,2022,1,aggregated,insurance,india,2022-Q1,2518.6112676056337,0.109375
insurance,564,1360231.0,Arunachal-Pradesh,2022,2,aggregated,insurance,india,2022-Q2,2411.7570921985816,0.5887323943661973
insurance,510,1300304.0,Arunachal-Pradesh,2022,3,aggregated,insurance,india,2022-Q3,2549.6156862745097,-0.0957446808510638
insurance,613,1464572.0,Arunachal-Pradesh,2022,4,aggregated,insurance,india,2022-Q4,2389.1876019575857,0.20196078431372544
insurance,606,1747475.0,Arunachal-Pradesh,2023,1,aggregated,insurance,india,2023-Q1,2883.622112211221,-0.011419249592169667
insurance,696,2095988.0,Arunachal-Pradesh,2023,2,aggregated,insurance,india,2023-Q2,3011.477011494253,0.14851485148514842
insurance,718,1904786.0,Arunachal-Pradesh,2023,3,aggregated,insurance,india,2023-Q3,2652.9052924791085,0.031609195402298784
insurance,809,2105408.0,Arunachal-Pradesh,2023,4,aggregated,insurance,india,2023-Q4,2602.4820766378243,0.126740947075209
insurance,1100,2419700.0,Arunachal-Pradesh,2024,1,aggregated,insurance,india,2024-Q1,2199.7272727272725,0.35970333745364647
insurance,1147,2353015.0,Arunachal-Pradesh,2024,2,aggregated,insurance,india,2024-Q2,2051.451612903226,0.042727272727272725
insurance,842,1951385.0,Arunachal-Pradesh,2024,3,aggregated,insurance,india,2024-Q3,2317.5593824228026,-0.2659110723626853
insurance,999,2359472.0,Arunachal-Pradesh,2024,4,aggregated,insurance,india,2024-Q4,2361.833833833834,0.18646080760095018
insurance,978,210034.0,Assam,2020,2,aggregated,insurance,india,2020-Q2,214.75869120654397,
insurance,2206,599450.0,Assam,2020,3,aggregated,insurance,india,2020-Q3,271.73617407071623,1.2556237218813906
insurance,2413,1806801.0,Assam,2020,4,aggregated,insurance,india,2020-Q4,748.7778698715292,0.09383499546690843
insurance,3167,2334419.0,Assam,2021,1,aggregated,insurance,india,2021-Q1,737.1073571203032,0.3124740986324077
insurance,3265,3008122.0,Assam,2021,2,aggregated,insurance,india,2021-Q2,921.3237366003062,0.03094411114619522
insurance,4495,6010865.0,Assam,2021,3,aggregated,insurance,india,2021-Q3,1337.233592880979,0.3767228177641655
insurance,8622,13962068.0,Assam,2021,4,aggregated,insurance,india,2021-Q4,1619.353746230573,0.9181312569521691
insurance,16230,27447766.0,Assam,2022,1,aggregated,insurance,india,2022-Q1,1691.1747381392483,0.8823938761308281
insurance,9228,15357811.0,Assam,2022,2,aggregated,insurance,india,2022-Q2,1664.2621369744256,-0.43142329020332715
insurance,14149,22543564.0,Assam,2022,3,aggregated,insurance,india,2022-Q3,1593.297335500742,0.5332683138274816
insurance,18826,29239168.0,Assam,2022,4,aggregated,insurance,india,2022-Q4,1553.1269520875385,0.33055339599971734
insurance,22100,36963888.0,Assam,2023,1,aggregated,insurance,india,2023-Q1,1672.5741176470588,0.1739084245192819
insurance,16475,28368139.0,Assam,2023,2,aggregated,insurance,india,2023-Q2,1721.8900758725342,-0.25452488687782804
insurance,22593,35618158.0,Assam,2023,3,aggregated,insurance,india,2023-Q3,1576.5129907493472,0.37135053110773897
insurance,23168,38731734.0,Assam,2023,4,aggregated,insurance,india,2023-Q4,1671.777192679558,0.025450360731199995
insurance,33097,48107248.0,Assam,2024,1,aggregated,insurance,india,2024-Q1,1453.5229174849685,0.4285652624309393
insurance,22368,34796603.0,Assam,2024,2,aggregated,insurance,india,2024-Q2,1555.6421226752504,-0.32416835362721697
insurance,17633,31388971.0,Assam,2024,3,aggregated,insurance,india,2024-Q3,1780.1265241308909,-0.21168633762517886
insurance,21805,35336229.0,Assam,2024,4,aggregated,insurance,india,2024-Q4,1620.5562485668424,0.23660182612147684
insurance,2816,595621.0,Bihar,2020,2,aggregated,insurance,india,2020-Q2,211.51313920454547,
insurance,9733,2161102.0,Bihar,2020,3,aggregated,insurance,india,2020-Q3,222.0386314599815,2.456321022727273
insurance,9913,7860932.0,Bihar,2020,4,aggregated,insurance,india,2020-Q4,792.992232422072,0.018493784033699834
insurance,12554,8796619.0,Bihar,2021,1,aggregated,insurance,india,2021-Q1,700.702485263661,0.26641783516594364
insurance,14301,13301581.0,Bihar,2021,2,aggregated,insurance,india,2021-Q2,930.1154464722747,0.13915883383782068
insurance,18030,18234941.0,Bihar,2021,3,aggregated,insurance,india,2021-Q3,1011.3666666666667,0.2607509964338157
insurance,22456,27313813.0,Bihar,2021,4,aggregated,insurance,india,2021-Q4,1216.3258371927325,0.245479755962285
insurance,20253,27755736.0,Bihar,2022,1,aggregated,insurance,india,2022-Q1,1370.4505999111243,-0.09810295689348059
insurance,21892,28212833.0,Bihar,2022,2,aggregated,insurance,india,2022-Q2,1288.727982824776,0.0809262825260455
insurance,28511,34704251.0,Bihar,2022,3,aggregated,insurance,india,2022-Q3,1217.223212093578,0.3023478896400511
insurance,33895,43914519.0,Bihar,2022,4,aggregated,insurance,india,2022-Q4,1295.6046319516154,0.18883939532110405
insurance,26929,38746711.0,Bihar,2023,1,aggregated,insurance,india,2023-Q1,1438.847005087452,-0.20551703791119635
insurance,29212,40354886.0,Bihar,2023,2,aggregated,insurance,india,2023-Q2,1381.4489250992742,0.08477849158899331
insurance,36550,45832355.0,Bihar,2023,3,aggregated,insurance,india,2023-Q3,1253.9632010943913,0.2511981377516088
insurance,41447,57624322.0,Bihar,2023,4,aggregated,insurance,india,2023-Q4,1390.313460564094,0.13398084815321476
insurance,51592,63844442.0,Bihar,2024,1,aggregated,insurance,india,2024-Q1,1237.4872460846643,0.24477042970540697
insurance,49101,65285065.0,Bihar,2024,2,aggregated,insurance,india,2024-Q2,1329.6076454654692,-0.04828267948519149
insurance,44745,62777286.0,Bihar,2024,3,aggregated,insurance,india,2024-Q3,1403.0011397921555,-0.08871509745219042
insurance,62662,83739800.0,Bihar,2024,4,aggregated,insurance,india,2024-Q4,1336.372921387763,0.40042462845010607
insurance,149,29537.0,Chandigarh,2020,2,aggregated,insurance,india,2020-Q2,198.23489932885906,
insurance,264,70969.0,Chandigarh,2020,3,aggregated,insurance,india,2020-Q3,268.8219696969697,0.7718120805369129
insurance,200,153341.0,Chandigarh,2020,4,aggregated,insurance,india,2020-Q4,766.705,-0.24242424242424243
insurance,338,238576.0,Chandigarh,2021,1,aggregated,insurance,india,2021-Q1,705.8461538461538,0.69
insurance,378,310943.0,Chandigarh,2021,2,aggregated,insurance,india,2021-Q2,822.6005291005291,0.11834319526627213
insurance,494,469634.0,Chandigarh,2021,3,aggregated,insurance,india,2021-Q3,950.6761133603239,0.306878306878307
insurance,710,835813.0,Chandigarh,2021,4,aggregated,insurance,india,2021-Q4,1177.2014084507043,0.43724696356275294
insurance,792,1150932.0,Chandigarh,2022,1,aggregated,insurance,india,2022-Q1,1453.1969696969697,0.11549295774647894
insurance,1330,1874959.0,Chandigarh,2022,2,aggregated,insurance,india,2022-Q2,1409.7436090225565,0.6792929292929293
insurance,1533,1998439.0,Chandigarh,2022,3,aggregated,insurance,india,2022-Q3,1303.6131767775603,0.15263157894736845
insurance,1403,2024528.0,Chandigarh,2022,4,aggregated,insurance,india,2022-Q4,1442.999287241625,-0.08480104370515329
insurance,1520,2415574.0,Chandigarh,2023,1,aggregated,insurance,india,2023-Q1,1589.1934210526315,0.0833927298645758
insurance,1704,2501107.0,Chandigarh,2023,2,aggregated,insurance,india,2023-Q2,1467.7857981220657,0.1210526315789473
insurance,1883,2660630.0,Chandigarh,2023,3,aggregated,insurance,india,2023-Q3,1412.9739776951674,0.1050469483568075
insurance,1767,3053934.0,Chandigarh,2023,4,aggregated,insurance,india,2023-Q4,1728.3157894736842,-0.06160382368560802
insurance,1730,3143984.0,Chandigarh,2024,1,aggregated,insurance,india,2024-Q1,1817.3317919075143,-0.02093944538766268
insurance,1798,3177315.0,Chandigarh,2024,2,aggregated,insurance,india,2024-Q2,1767.1384872080089,0.03930635838150298
insurance,1991,3445738.0,Chandigarh,2024,3,aggregated,insurance,india,2024-Q3,1730.6569563033652,0.10734149054505004
insurance,2095,3729932.0,Chandigarh,2024,4,aggregated,insurance,india,2024-Q4,1780.397136038186,0.052235057759919545
insurance,1346,279005.0,Chhattisgarh,2020,2,aggregated,insurance,india,2020-Q2,207.28454680534918,
insurance,4702,1393656.0,Chhattisgarh,2020,3,aggregated,insurance,india,2020-Q3,296.3964270523182,2.4933135215453195
insurance,3757,2249901.0,Chhattisgarh,2020,4,aggregated,insurance,india,2020-Q4,598.8557359595422,-0.2009783071033603
insurance,4712,2620468.0,Chhattisgarh,2021,1,aggregated,insurance,india,2021-Q1,556.1264855687606,0.2541921746073996
insurance,5055,3813417.0,Chhattisgarh,2021,2,aggregated,insurance,india,2021-Q2,754.3851632047478,0.0727928692699491
insurance,4676,3568837.0,Chhattisgarh,2021,3,aggregated,insurance,india,2021-Q3,763.2243370402053,-0.07497527200791299
insurance,6029,8229039.0,Chhattisgarh,2021,4,aggregated,insurance,india,2021-Q4,1364.9094377176978,0.289349871685201
insurance,6612,10139190.0,Chhattisgarh,2022,1,aggregated,insurance,india,2022-Q1,1533.4528130671506,0.09669928678056072
insurance,7008,10119964.0,Chhattisgarh,2022,2,aggregated,insurance,india,2022-Q2,1444.058789954338,0.05989110707803991
insurance,8849,12119470.0,Chhattisgarh,2022,3,aggregated,insurance,india,2022-Q3,1369.5863939428184,0.26269977168949765
insurance,11994,18137856.0,Chhattisgarh,2022,4,aggregated,insurance,india,2022-Q4,1512.2441220610306,0.3554073906656119
insurance,10460,16577191.0,Chhattisgarh,2023,1,aggregated,insurance,india,2023-Q1,1584.8174952198854,-0.1278972819743205
insurance,10514,16389610.0,Chhattisgarh,2023,2,aggregated,insurance,india,2023-Q2,1558.8367890431805,0.005162523900573701
insurance,11927,17838382.0,Chhattisgarh,2023,3,aggregated,insurance,india,2023-Q3,1495.630250691708,0.13439223891953578
insurance,17300,29704673.0,Chhattisgarh,2023,4,aggregated,insurance,india,2023-Q4,1717.0331213872832,0.45049048377630596
insurance,19579,30083259.0,Chhattisgarh,2024,1,aggregated,insurance,india,2024-Q1,1536.5064099290055,0.13173410404624275
insurance,15724,25935743.0,Chhattisgarh,2024,2,aggregated,insurance,india,2024-Q2,1649.4367209361485,-0.1968946320036774
insurance,16550,27724060.0,Chhattisgarh,2024,3,aggregated,insurance,india,2024-Q3,1675.1697885196375,0.05253116255405743
insurance,22723,37421165.0,Chhattisgarh,2024,4,aggregated,insurance,india,2024-Q4,1646.8408660828236,0.3729909365558912
insurance,651,101029.0,Dadra-&-Nagar-Haveli-&-Daman-&-Diu,2020,2,aggregated,insurance,india,2020-Q2,155.1904761904762,
insurance,257,65504.0,Dadra-&-Nagar-Haveli-&-Daman-&-Diu,2020,3,aggregated,insurance,india,2020-Q3,254.87937743190662,-0.6052227342549923
insurance,232,149513.0,Dadra-&-Nagar-Haveli-&-Daman-&-Diu,2020,4,aggregated,insurance,india,2020-Q4,644.4525862068965,-0.09727626459143968
insurance,467,285691.0,Dadra-&-Nagar-Haveli-&-Daman-&-Diu,2021,1,aggregated,insurance,india,2021-Q1,611.7580299785867,1.0129310344827585
insurance,368,275638.0,Dadra-&-Nagar-Haveli-&-Daman-&-Diu,2021,2,aggregated,insurance,india,2021-Q2,749.0163043478261,-0.21199143468950754
insurance,360,273596.0,Dadra-&-Nagar-Haveli-&-Daman-&-Diu,2021,3,aggregated,insurance,india,2021-Q3,759.9888888888889,-0.021739130434782594
insurance,421,425384.0,Dadra-&-Nagar-Haveli-&-Daman-&-Diu,2021,4,aggregated,insurance,india,2021-Q4,1010.4133016627078,0.1694444444444445
insurance,493,720741.0,Dadra-&-Nagar-Haveli-&-Daman-&-Diu,2022,1,aggregated,insurance,india,2022-Q1,1461.949290060852,0.17102137767220893
insurance,438,686857.0,Dadra-&-Nagar-Haveli-&-Daman-&-Diu,2022,2,aggregated,insurance,india,2022-Q2,1568.1666666666667,-0.11156186612576069
insurance,707,983776.0,Dadra-&-Nagar-Haveli-&-Daman-&-Diu,2022,3,aggregated,insurance,india,2022-Q3,1391.4794908062236,0.6141552511415524
insurance,871,1272628.0,Dadra-&-Nagar-Haveli-&-Daman-&-Diu,2022,4,aggregated,insurance,india,2022-Q4,1461.1113662456946,0.23196605374823198
insurance,799,1215168.0,Dadra-&-Nagar-Haveli-&-Daman-&-Diu,2023,1,aggregated,insurance,india,2023-Q1,1520.8610763454317,-0.0826636050516647
insurance,694,1058753.0,Dadra-&-Nagar-Haveli-&-Daman-&-Diu,2023,2,aggregated,insurance,india,2023-Q2,1525.5806916426513,-0.13141426783479349
insurance,969,1333103.0,Dadra-&-Nagar-Haveli-&-Daman-&-Diu,2023,3,aggregated,insurance,india,2023-Q3,1375.7512899896801,0.39625360230547546
insurance,1207,1973867.0,Dadra-&-Nagar-Haveli-&-Daman-&-Diu,2023,4,aggregated,insurance,india,2023-Q4,1635.3496271748136,0.2456140350877194
insurance,1295,1908509.0,Dadra-&-Nagar-Haveli-&-Daman-&-Diu,2024,1,aggregated,insurance,india,2024-Q1,1473.7521235521235,0.07290803645401822
insurance,1008,1367259.0,Dadra-&-Nagar-Haveli-&-Daman-&-Diu,2024,2,aggregated,insurance,india,2024-Q2,1356.407738095238,-0.22162162162162158
insurance,1052,1602869.0,Dadra-&-Nagar-Haveli-&-Daman-&-Diu,2024,3,aggregated,insurance,india,2024-Q3,1523.6397338403042,0.04365079365079372
insurance,1503,2292529.0,Dadra-&-Nagar-Haveli-&-Daman-&-Diu,2024,4,aggregated,insurance,india,2024-Q4,1525.3020625415836,0.42870722433460084
insurance,11716,1897480.0,Delhi,2020,2,aggregated,insurance,india,2020-Q2,161.9562990781837,
insurance,7588,1927285.0,Delhi,2020,3,aggregated,insurance,india,2020-Q3,253.99117026884554,-0.3523386821440765
insurance,9725,8045442.0,Delhi,2020,4,aggregated,insurance,india,2020-Q4,827.2948071979434,0.28162888771744865
insurance,12822,9655261.0,Delhi,2021,1,aggregated,insurance,india,2021-Q1,753.0230073311496,0.3184575835475578
insurance,13292,10840929.0,Delhi,2021,2,aggregated,insurance,india,2021-Q2,815.5980288895577,0.03665574793323967
insurance,16679,15007079.0,Delhi,2021,3,aggregated,insurance,india,2021-Q3,899.7589184003837,0.2548149262714414
insurance,34251,36578331.0,Delhi,2021,4,aggregated,insurance,india,2021-Q4,1067.9492861522292,1.053540380118712
insurance,28232,35442069.0,Delhi,2022,1,aggregated,insurance,india,2022-Q1,1255.386405497308,-0.17573209541327262
insurance,26378,31787281.0,Delhi,2022,2,aggregated,insurance,india,2022-Q2,1205.0678974903328,-0.06567016151884386
insurance,35944,41570160.0,Delhi,2022,3,aggregated,insurance,india,2022-Q3,1156.5257066547963,0.3626506937599514
insurance,48908,60603173.0,Delhi,2022,4,aggregated,insurance,india,2022-Q4,1239.1259712112537,0.36067215668818164
insurance,45821,61040038.0,Delhi,2023,1,aggregated,insurance,india,2023-Q1,1332.1411143362213,-0.06311850821951415
insurance,41358,54951108.0,Delhi,2023,2,aggregated,insurance,india,2023-Q2,1328.6693747279849,-0.09740075511228474
insurance,47113,58878500.0,Delhi,2023,3,aggregated,insurance,india,2023-Q3,1249.7293740581156,0.13915082934377865
insurance,56336,77332401.0,Delhi,2023,4,aggregated,insurance,india,2023-Q4,1372.6995349332576,0.19576337741175465
insurance,53050,76232346.0,Delhi,2024,1,aggregated,insurance,india,2024-Q1,1436.9904995287466,-0.05832859982959382
insurance,46189,68046072.0,Delhi,2024,2,aggregated,insurance,india,2024-Q2,1473.2094654571436,-0.1293308199811498
insurance,49150,71139489.0,Delhi,2024,3,aggregated,insurance,india,2024-Q3,1447.395503560529,0.06410617246530559
insurance,67962,94390728.0,Delhi,2024,4,aggregated,insurance,india,2024-Q4,1388.875077249051,0.38274669379450654
insurance,341,71100.0,Goa,2020,2,aggregated,insurance,india,2020-Q2,208.50439882697947,
insurance,683,196864.0,Goa,2020,3,aggregated,insurance,india,2020-Q3,288.2342606149341,1.002932551319648
insurance,614,682364.0,Goa,2020,4,aggregated,insurance,india,2020-Q4,1111.342019543974,-0.10102489019033678
insurance,879,827384.0,Goa,2021,1,aggregated,insurance,india,2021-Q1,941.2787258248009,0.4315960912052117
insurance,1016,1028339.0,Goa,2021,2,aggregated,insurance,india,2021-Q2,1012.1446850393701,0.15585893060295786
insurance,1214,1385986.0,Goa,2021,3,aggregated,insurance,india,2021-Q3,1141.668863261944,0.19488188976377963
insurance,2087,2737316.0,Goa,2021,4,aggregated,insurance,india,2021-Q4,1311.6032582654527,0.7191103789126854
insurance,2634,3865245.0,Goa,2022,1,aggregated,insurance,india,2022-Q1,1467.4430523917995,0.26209870627695264
insurance,3524,5093510.0,Goa,2022,2,aggregated,insurance,india,2022-Q2,1445.3774120317821,0.3378891419893697
insurance,3157,4142108.0,Goa,2022,3,aggregated,insurance,india,2022-Q3,1312.0392777953753,-0.10414301929625425
insurance,4388,6190669.0,Goa,2022,4,aggregated,insurance,india,2022-Q4,1410.8179124886053,0.3899271460247069
insurance,4097,5859549.0,Goa,2023,1,aggregated,insurance,india,2023-Q1,1430.2047839882841,-0.06631722880583413
insurance,4166,5930801.0,Goa,2023,2,aggregated,insurance,india,2023-Q2,1423.6200192030724,0.01684159140834751
insurance,3927,5646054.0,Goa,2023,3,aggregated,insurance,india,2023-Q3,1437.7524828113064,-0.05736917906865102
insurance,4883,7411001.0,Goa,2023,4,aggregated,insurance,india,2023-Q4,1517.714724554577,0.24344283167812586
insurance,5225,7528093.0,Goa,2024,1,aggregated,insurance,india,2024-Q1,1440.7833492822967,0.07003891050583655
insurance,5021,7178558.0,Goa,2024,2,aggregated,insurance,india,2024-Q2,1429.7068313085042,-0.03904306220095699
insurance,5354,8051690.0,Goa,2024,3,aggregated,insurance,india,2024-Q3,1503.864400448263,0.06632144991037636
insurance,6662,9903374.0,Goa,2024,4,aggregated,insurance,india,2024-Q4,1486.5466826778745,0.24430332461710869
insurance,7697,1430591.0,Gujarat,2020,2,aggregated,insurance,india,2020-Q2,185.86345329349098,
insurance,12525,3335812.0,Gujarat,2020,3,aggregated,insurance,india,2020-Q3,266.33229540918165,0.6272573730024684
insurance,9990,6055037.0,Gujarat,2020,4,aggregated,insurance,india,2020-Q4,606.1098098098098,-0.20239520958083834
insurance,12673,7288104.0,Gujarat,2021,1,aggregated,insurance,india,2021-Q1,575.0890870354297,0.2685685685685686
insurance,14676,10263998.0,Gujarat,2021,2,aggregated,insurance,india,2021-Q2,699.3729899155084,0.1580525526710328
insurance,15348,12341903.0,Gujarat,2021,3,aggregated,insurance,india,2021-Q3,804.1375423507949,0.04578904333605882
insurance,19142,23282921.0,Gujarat,2021,4,aggregated,insurance,india,2021-Q4,1216.3264549158916,0.247198332030232
insurance,22221,29953433.0,Gujarat,2022,1,aggregated,insurance,india,2022-Q1,1347.9786238243103,0.1608504858426496
insurance,25381,32090965.0,Gujarat,2022,2,aggregated,insurance,india,2022-Q2,1264.369607186478,0.14220782143017874
insurance,31302,37557227.0,Gujarat,2022,3,aggregated,insurance,india,2022-Q3,1199.8347389943135,0.23328474055395776
insurance,36418,50629325.0,Gujarat,2022,4,aggregated,insurance,india,2022-Q4,1390.2280465703773,0.1634400357804613
insurance,32600,46937694.0,Gujarat,2023,1,aggregated,insurance,india,2023-Q1,1439.806564417178,-0.10483826679114727
insurance,32484,46254095.0,Gujarat,2023,2,aggregated,insurance,india,2023-Q2,1423.9039219307967,-0.003558282208589003
insurance,51049,65768085.0,Gujarat,2023,3,aggregated,insurance,india,2023-Q3,1288.3324844756999,0.5715121290481469
insurance,41128,66735446.0,Gujarat,2023,4,aggregated,insurance,india,2023-Q4,1622.6280392919666,-0.19434269035632434
insurance,44665,62633910.0,Gujarat,2024,1,aggregated,insurance,india,2024-Q1,1402.304041195567,0.08599980548531416
insurance,44007,63866463.0,Gujarat,2024,2,aggregated,insurance,india,2024-Q2,1451.2796373304247,-0.014731892981081351
insurance,46763,70950327.0,Gujarat,2024,3,aggregated,insurance,india,2024-Q3,1517.2321493488441,0.06262640034539957
insurance,62526,91858105.0,Gujarat,2024,4,aggregated,insurance,india,2024-Q4,1469.1185266928958,0.33708273635138886
insurance,6321,1179814.0,Haryana,2020,2,aggregated,insurance,india,2020-Q2,186.6498971681696,
insurance,7139,1884868.0,Haryana,2020,3,aggregated,insurance,india,2020-Q3,264.0240930102255,0.12940990349628234
insurance,8283,5974278.0,Haryana,2020,4,aggregated,insurance,india,2020-Q4,721.2698297718218,0.16024653312788906
insurance,11038,7297880.0,Haryana,2021,1,aggregated,insurance,india,2021-Q1,661.1596303678202,0.332608958106966
insurance,12516,11272453.0,Haryana,2021,2,aggregated,insurance,india,2021-Q2,900.6434164269734,0.13390106903424526
insurance,14163,13215898.0,Haryana,2021,3,aggregated,insurance,india,2021-Q3,933.1284332415448,0.13159156279961648
insurance,19489,25885838.0,Haryana,2021,4,aggregated,insurance,india,2021-Q4,1328.228128687978,0.3760502718350631
insurance,22783,32526943.0,Haryana,2022,1,aggregated,insurance,india,2022-Q1,1427.684808848703,0.1690184206475447
insurance,25352,33759068.0,Haryana,2022,2,aggregated,insurance,india,2022-Q2,1331.613600504891,0.11275951367247505
insurance,35346,45402800.0,Haryana,2022,3,aggregated,insurance,india,2022-Q3,1284.5244157754767,0.39420952982013246
insurance,37971,56627115.0,Haryana,2022,4,aggregated,insurance,india,2022-Q4,1491.3253535592953,0.07426582923103031
insurance,37287,61127194.0,Haryana,2023,1,aggregated,insurance,india,2023-Q1,1639.3701289993833,-0.01801374733349137
insurance,40710,62186066.0,Haryana,2023,2,aggregated,insurance,india,2023-Q2,1527.5378531073447,0.09180143213452419
insurance,42815,61782311.0,Haryana,2023,3,aggregated,insurance,india,2023-Q3,1443.0062127758963,0.051707197248833214
insurance,47506,80747159.0,Haryana,2023,4,aggregated,insurance,india,2023-Q4,1699.7254873068664,0.10956440499824827
insurance,50391,81816509.0,Haryana,2024,1,aggregated,insurance,india,2024-Q1,1623.6333670695165,0.060729171052077646
insurance,46085,74779879.0,Haryana,2024,2,aggregated,insurance,india,2024-Q2,1622.6511663230986,-0.08545176718064729
insurance,49735,79198642.0,Haryana,2024,3,aggregated,insurance,india,2024-Q3,1592.4126269226902,0.07920147553433865
insurance,58808,94316512.0,Haryana,2024,4,aggregated,insurance,india,2024-Q4,1603.804108284587,0.18242686237056405
insurance,392,77936.0,Himachal-Pradesh,2020,2,aggregated,insurance,india,2020-Q2,198.81632653061226,
insurance,531,165559.0,Himachal-Pradesh,2020,3,aggregated,insurance,india,2020-Q3,311.78719397363466,0.35459183673469385
insurance,710,630966.0,Himachal-Pradesh,2020,4,aggregated,insurance,india,2020-Q4,888.6845070422535,0.33709981167608283
insurance,1064,906492.0,Himachal-Pradesh,2021,1,aggregated,insurance,india,2021-Q1,851.9661654135339,0.49859154929577465
insurance,1210,1402338.0,Himachal-Pradesh,2021,2,aggregated,insurance,india,2021-Q2,1158.9570247933884,0.13721804511278202
insurance,1759,2444545.0,Himachal-Pradesh,2021,3,aggregated,insurance,india,2021-Q3,1389.7356452529846,0.4537190082644629
insurance,2474,4667661.0,Himachal-Pradesh,2021,4,aggregated,insurance,india,2021-Q4,1886.6859337105902,0.4064809550881183
insurance,2768,5234739.0,Himachal-Pradesh,2022,1,aggregated,insurance,india,2022-Q1,1891.1629335260116,0.11883589329021826
insurance,2831,5371078.0,Himachal-Pradesh,2022,2,aggregated,insurance,india,2022-Q2,1897.2370187212998,0.02276011560693636
insurance,3641,6161692.0,Himachal-Pradesh,2022,3,aggregated,insurance,india,2022-Q3,1692.307607800055,0.2861179795125397
insurance,4565,9060436.0,Himachal-Pradesh,2022,4,aggregated,insurance,india,2022-Q4,1984.7614457831326,0.25377643504531733
insurance,3909,7826133.0,Himachal-Pradesh,2023,1,aggregated,insurance,india,2023-Q1,2002.0805832693784,-0.14370208105147864
insurance,4197,8499425.0,Himachal-Pradesh,2023,2,aggregated,insurance,india,2023-Q2,2025.1191327138433,0.07367613200306988
insurance,3935,7869767.0,Himachal-Pradesh,2023,3,aggregated,insurance,india,2023-Q3,1999.940787801779,-0.06242554205384798
insurance,5211,11898824.0,Himachal-Pradesh,2023,4,aggregated,insurance,india,2023-Q4,2283.4051045864517,0.324269377382465
insurance,5430,10433254.0,Himachal-Pradesh,2024,1,aggregated,insurance,india,2024-Q1,1921.409576427256,0.042026482440990165
insurance,5194,10008705.0,Himachal-Pradesh,2024,2,aggregated,insurance,india,2024-Q2,1926.9743935309973,-0.043462246777163926
insurance,5272,10538999.0,Himachal-Pradesh,2024,3,aggregated,insurance,india,2024-Q3,1999.0514036418817,0.015017327685791226
insurance,6697,14090523.0,Himachal-Pradesh,2024,4,aggregated,insurance,india,2024-Q4,2104.005226220696,0.2702959028831562
insurance,206,48484.0,Jammu-&-Kashmir,2020,2,aggregated,insurance,india,2020-Q2,235.35922330097088,
insurance,441,133339.0,Jammu-&-Kashmir,2020,3,aggregated,insurance,india,2020-Q3,302.35600907029476,1.1407766990291264
insurance,647,734861.0,Jammu-&-Kashmir,2020,4,aggregated,insurance,india,2020-Q4,1135.7975270479135,0.4671201814058956
insurance,1105,1546288.0,Jammu-&-Kashmir,2021,1,aggregated,insurance,india,2021-Q1,1399.3556561085973,0.7078825347758888
insurance,1197,1832089.0,Jammu-&-Kashmir,2021,2,aggregated,insurance,india,2021-Q2,1530.5672514619882,0.08325791855203613
insurance,1452,2139133.0,Jammu-&-Kashmir,2021,3,aggregated,insurance,india,2021-Q3,1473.2320936639119,0.21303258145363402
insurance,3113,5223317.0,Jammu-&-Kashmir,2021,4,aggregated,insurance,india,2021-Q4,1677.904593639576,1.143939393939394
insurance,3584,7244267.0,Jammu-&-Kashmir,2022,1,aggregated,insurance,india,2022-Q1,2021.2798549107142,0.15130099582396395
insurance,4071,7729792.0,Jammu-&-Kashmir,2022,2,aggregated,insurance,india,2022-Q2,1898.7452714320805,0.1358816964285714
insurance,4794,8281826.0,Jammu-&-Kashmir,2022,3,aggregated,insurance,india,2022-Q3,1727.5398414685023,0.17759764185703752
insurance,5031,10111183.0,Jammu-&-Kashmir,2022,4,aggregated,insurance,india,2022-Q4,2009.775988869012,0.04943679599499373
insurance,4555,10275877.0,Jammu-&-Kashmir,2023,1,aggregated,insurance,india,2023-Q1,2255.9554335894622,-0.0946133969389783
insurance,5262,10974839.0,Jammu-&-Kashmir,2023,2,aggregated,insurance,india,2023-Q2,2085.678259217028,0.15521405049396275
insurance,5453,10975874.0,Jammu-&-Kashmir,2023,3,aggregated,insurance,india,2023-Q3,2012.813863928113,0.0362979855568224
insurance,6264,13932309.0,Jammu-&-Kashmir,2023,4,aggregated,insurance,india,2023-Q4,2224.1872605363983,0.14872547221712829
insurance,7313,14695182.0,Jammu-&-Kashmir,2024,1,aggregated,insurance,india,2024-Q1,2009.4601394776425,0.16746487867177517
insurance,7397,14237707.0,Jammu-&-Kashmir,2024,2,aggregated,insurance,india,2024-Q2,1924.7947816682438,0.011486394092711683
insurance,7597,15554635.0,Jammu-&-Kashmir,2024,3,aggregated,insurance,india,2024-Q3,2047.4707121232066,0.02703798837366489
insurance,8893,18252110.0,Jammu-&-Kashmir,2024,4,aggregated,insurance,india,2024-Q4,2052.4131339255596,0.1705936553902856
insurance,2063,405031.0,Jharkhand,2020,2,aggregated,insurance,india,2020-Q2,196.33107125545322,
insurance,5368,1349934.0,Jharkhand,2020,3,aggregated,insurance,india,2020-Q3,251.4780178837556,1.6020358700920987
insurance,3659,2857024.0,Jharkhand,2020,4,aggregated,insurance,india,2020-Q4,780.8209893413501,-0.3183681073025335
insurance,4879,3274851.0,Jharkhand,2021,1,aggregated,insurance,india,2021-Q1,671.2135683541709,0.33342443290516544
insurance,5180,5084230.0,Jharkhand,2021,2,aggregated,insurance,india,2021-Q2,981.511583011583,0.06169296987087525
insurance,6794,7046048.0,Jharkhand,2021,3,aggregated,insurance,india,2021-Q3,1037.0986164262586,0.3115830115830116
insurance,8465,11190423.0,Jharkhand,2021,4,aggregated,insurance,india,2021-Q4,1321.9637330183107,0.24595231086252567
insurance,9373,13819466.0,Jharkhand,2022,1,aggregated,insurance,india,2022-Q1,1474.390910060813,0.1072652096869462
insurance,9477,13464840.0,Jharkhand,2022,2,aggregated,insurance,india,2022-Q2,1420.7913896802786,0.01109570041608876
insurance,14388,18156857.0,Jharkhand,2022,3,aggregated,insurance,india,2022-Q3,1261.9444676118987,0.5182019626464072
insurance,16779,23147805.0,Jharkhand,2022,4,aggregated,insurance,india,2022-Q4,1379.5699982120507,0.16618015012510434
insurance,16108,23823406.0,Jharkhand,2023,1,aggregated,insurance,india,2023-Q1,1478.9797616091382,-0.03999046427081476
insurance,16662,23216215.0,Jharkhand,2023,2,aggregated,insurance,india,2023-Q2,1393.3630416516626,0.03439284827414957
insurance,19478,25165702.0,Jharkhand,2023,3,aggregated,insurance,india,2023-Q3,1292.0064688366363,0.169007322050174
insurance,22398,33484644.0,Jharkhand,2023,4,aggregated,insurance,india,2023-Q4,1494.9836592552906,0.14991272204538464
insurance,24824,34332990.0,Jharkhand,2024,1,aggregated,insurance,india,2024-Q1,1383.0563164679343,0.1083132422537727
insurance,22224,32245129.0,Jharkhand,2024,2,aggregated,insurance,india,2024-Q2,1450.9147318214543,-0.10473735095069292
insurance,23629,34353146.0,Jharkhand,2024,3,aggregated,insurance,india,2024-Q3,1453.8552626010412,0.0632199424046076
insurance,29079,42253614.0,Jharkhand,2024,4,aggregated,insurance,india,2024-Q4,1453.0628288455587,0.23064877904270187
insurance,27358,4794150.0,Karnataka,2020,2,aggregated,insurance,india,2020-Q2,175.2375904671394,
insurance,53701,12407394.0,Karnataka,2020,3,aggregated,insurance,india,2020-Q3,231.04586506768962,0.9628993347466921
insurance,31747,26814968.0,Karnataka,2020,4,aggregated,insurance,india,2020-Q4,844.6457303052257,-0.40881920262192506
insurance,37595,30183325.0,Karnataka,2021,1,aggregated,insurance,india,2021-Q1,802.8547679212661,0.18420638170535808
insurance,40969,39501006.0,Karnataka,2021,2,aggregated,insurance,india,2021-Q2,964.1681759379043,0.08974597685862484
insurance,47468,48078366.0,Karnataka,2021,3,aggregated,insurance,india,2021-Q3,1012.858473076599,0.1586321364934462
insurance,74436,90723288.0,Karnataka,2021,4,aggregated,insurance,india,2021-Q4,1218.8092858294374,0.5681301087048116
insurance,95640,130733580.0,Karnataka,2022,1,aggregated,insurance,india,2022-Q1,1366.9341279799248,0.28486216346928916
insurance,93385,123228632.0,Karnataka,2022,2,aggregated,insurance,india,2022-Q2,1319.5762916956685,-0.023578000836470103
insurance,110273,144605784.0,Karnataka,2022,3,aggregated,insurance,india,2022-Q3,1311.3435201726625,0.18084274776463038
insurance,133971,185063287.0,Karnataka,2022,4,aggregated,insurance,india,2022-Q4,1381.3682588022782,0.2149030134303047
insurance,127376,186543426.0,Karnataka,2023,1,aggregated,insurance,india,2023-Q1,1464.5100018841854,-0.04922707153040584
insurance,117232,175704013.0,Karnataka,2023,2,aggregated,insurance,india,2023-Q2,1498.7717773304216,-0.07963823640246204
insurance,139699,199448538.0,Karnataka,2023,3,aggregated,insurance,india,2023-Q3,1427.7019735288013,0.19164562576770838
insurance,156076,248056311.0,Karnataka,2023,4,aggregated,insurance,india,2023-Q4,1589.3302685870985,0.11723061725567119
insurance,169357,264708700.0,Karnataka,2024,1,aggregated,insurance,india,2024-Q1,1563.021900482413,0.08509315974268938
insurance,142599,239304982.0,Karnataka,2024,2,aggregated,insurance,india,2024-Q2,1678.1673223514892,-0.15799760269726082
insurance,174990,287393291.0,Karnataka,2024,3,aggregated,insurance,india,2024-Q3,1642.3412252128694,0.22714745545200166
insurance,183532,305861806.0,Karnataka,2024,4,aggregated,insurance,india,2024-Q4,1666.5312098162717,0.04881421795531171
insurance,1588,360216.0,Kerala,2020,2,aggregated,insurance,india,2020-Q2,226.83627204030228,
insurance,8811,2830361.0,Kerala,2020,3,aggregated,insurance,india,2020-Q3,321.23039382589945,4.5484886649874054
insurance,5479,4445525.0,Kerala,2020,4,aggregated,insurance,india,2020-Q4,811.3752509582041,-0.37816365906253546
insurance,5731,5040506.0,Kerala,2021,1,aggregated,insurance,india,2021-Q1,879.5159658000349,0.0459937944880453
insurance,9530,9676588.0,Kerala,2021,2,aggregated,insurance,india,2021-Q2,1015.381741867786,0.6628860582795324
insurance,10926,13255646.0,Kerala,2021,3,aggregated,insurance,india,2021-Q3,1213.2203917261577,0.14648478488982164
insurance,19199,31260319.0,Kerala,2021,4,aggregated,insurance,india,2021-Q4,1628.2264180426064,0.7571846970529013
insurance,37110,64172190.0,Kerala,2022,1,aggregated,insurance,india,2022-Q1,1729.2425222312045,0.9329131725610709
insurance,35667,59920203.0,Kerala,2022,2,aggregated,insurance,india,2022-Q2,1679.98999074775,-0.03888439773645913
insurance,54587,85390924.0,Kerala,2022,3,aggregated,insurance,india,2022-Q3,1564.3087914704965,0.5304623321277371
insurance,65563,103982997.0,Kerala,2022,4,aggregated,insurance,india,2022-Q4,1586.0012049479126,0.20107351567222964
insurance,62377,101786828.0,Kerala,2023,1,aggregated,insurance,india,2023-Q1,1631.8006316430735,-0.04859448164360991
insurance,61032,100620604.0,Kerala,2023,2,aggregated,insurance,india,2023-Q2,1648.6532310918863,-0.02156243487182774
insurance,66059,110021582.0,Kerala,2023,3,aggregated,insurance,india,2023-Q3,1665.5048063095112,0.08236662734303324
insurance,73543,121905046.0,Kerala,2023,4,aggregated,insurance,india,2023-Q4,1657.6023006948317,0.11329266261977922
insurance,73106,115101791.0,Kerala,2024,1,aggregated,insurance,india,2024-Q1,1574.4506743632533,-0.005942101899569008
insurance,65271,108142369.0,Kerala,2024,2,aggregated,insurance,india,2024-Q2,1656.821084401955,-0.10717314584302251
insurance,79123,131721699.0,Kerala,2024,3,aggregated,insurance,india,2024-Q3,1664.7712927972902,0.21222288612094187
insurance,89533,144083113.0,Kerala,2024,4,aggregated,insurance,india,2024-Q4,1609.2738208258409,0.13156730659858695
insurance,14,2538.0,Ladakh,2020,2,aggregated,insurance,india,2020-Q2,181.28571428571428,
insurance,33,10260.0,Ladakh,2020,3,aggregated,insurance,india,2020-Q3,310.90909090909093,1.3571428571428572
insurance,27,34206.0,Ladakh,2020,4,aggregated,insurance,india,2020-Q4,1266.888888888889,-0.18181818181818177
insurance,32,34530.0,Ladakh,2021,1,aggregated,insurance,india,2021-Q1,1079.0625,0.18518518518518512
insurance,46,86251.0,Ladakh,2021,2,aggregated,insurance,india,2021-Q2,1875.0217391304348,0.4375
insurance,192,174052.0,Ladakh,2021,3,aggregated,insurance,india,2021-Q3,906.5208333333334,3.1739130434782608
insurance,76,195966.0,Ladakh,2021,4,aggregated,insurance,india,2021-Q4,2578.5,-0.6041666666666667
insurance,75,193935.0,Ladakh,2022,1,aggregated,insurance,india,2022-Q1,2585.8,-0.013157894736842146
insurance,113,269446.0,Ladakh,2022,2,aggregated,insurance,india,2022-Q2,2384.477876106195,0.5066666666666666
insurance,137,369742.0,Ladakh,2022,3,aggregated,insurance,india,2022-Q3,2698.8467153284673,0.21238938053097356
insurance,162,410091.0,Ladakh,2022,4,aggregated,insurance,india,2022-Q4,2531.425925925926,0.18248175182481763
insurance,161,495736.0,Ladakh,2023,1,aggregated,insurance,india,2023-Q1,3079.105590062112,-0.006172839506172867
insurance,215,635831.0,Ladakh,2023,2,aggregated,insurance,india,2023-Q2,2957.353488372093,0.3354037267080745
insurance,232,649027.0,Ladakh,2023,3,aggregated,insurance,india,2023-Q3,2797.530172413793,0.07906976744186056
insurance,242,718967.0,Ladakh,2023,4,aggregated,insurance,india,2023-Q4,2970.938016528926,0.0431034482758621
insurance,291,614435.0,Ladakh,2024,1,aggregated,insurance,india,2024-Q1,2111.460481099656,0.2024793388429753
insurance,415,964349.0,Ladakh,2024,2,aggregated,insurance,india,2024-Q2,2323.732530120482,0.42611683848797255
insurance,446,978637.0,Ladakh,2024,3,aggregated,insurance,india,2024-Q3,2194.2533632286995,0.07469879518072298
insurance,429,970334.0,Ladakh,2024,4,aggregated,insurance,india,2024-Q4,2261.8508158508157,-0.03811659192825112
insurance,4,1199.0,Lakshadweep,2020,3,aggregated,insurance,india,2020-Q3,299.75,
insurance,4,5225.0,Lakshadweep,2021,1,aggregated,insurance,india,2021-Q1,1306.25,0.0
insurance,5,6962.0,Lakshadweep,2021,2,aggregated,insurance,india,2021-Q2,1392.4,0.25
insurance,19,16034.0,Lakshadweep,2021,3,aggregated,insurance,india,2021-Q3,843.8947368421053,2.8
insurance,11,17096.0,Lakshadweep,2021,4,aggregated,insurance,india,2021-Q4,1554.1818181818182,-0.42105263157894735
insurance,27,34664.0,Lakshadweep,2022,1,aggregated,insurance,india,2022-Q1,1283.851851851852,1.4545454545454546
insurance,18,27463.0,Lakshadweep,2022,2,aggregated,insurance,india,2022-Q2,1525.7222222222222,-0.33333333333333337
insurance,38,41504.0,Lakshadweep,2022,3,aggregated,insurance,india,2022-Q3,1092.2105263157894,1.1111111111111112
insurance,15,27135.0,Lakshadweep,2022,4,aggregated,insurance,india,2022-Q4,1809.0,-0.6052631578947368
insurance,26,30199.0,Lakshadweep,2023,1,aggregated,insurance,india,2023-Q1,1161.5,0.7333333333333334
insurance,15,38384.0,Lakshadweep,2023,2,aggregated,insurance,india,2023-Q2,2558.9333333333334,-0.42307692307692313
insurance,12,12407.0,Lakshadweep,2023,3,aggregated,insurance,india,2023-Q3,1033.9166666666667,-0.19999999999999996
insurance,53,78346.0,Lakshadweep,2023,4,aggregated,insurance,india,2023-Q4,1478.2264150943397,3.416666666666667
insurance,15,12935.0,Lakshadweep,2024,1,aggregated,insurance,india,2024-Q1,862.3333333333334,-0.7169811320754718
insurance,26,33630.0,Lakshadweep,2024,2,aggregated,insurance,india,2024-Q2,1293.4615384615386,0.7333333333333334
insurance,49,55312.0,Lakshadweep,2024,3,aggregated,insurance,india,2024-Q3,1128.8163265306123,0.8846153846153846
insurance,159,185542.0,Lakshadweep,2024,4,aggregated,insurance,india,2024-Q4,1166.9308176100628,2.2448979591836733
insurance,6283,1198701.0,Madhya-Pradesh,2020,2,aggregated,insurance,india,2020-Q2,190.78481617061914,
insurance,14476,3496126.0,Madhya-Pradesh,2020,3,aggregated,insurance,india,2020-Q3,241.51188173528598,1.3039949068916123
insurance,10653,4897124.0,Madhya-Pradesh,2020,4,aggregated,insurance,india,2020-Q4,459.69435839669575,-0.2640922906880354
insurance,14427,5567927.0,Madhya-Pradesh,2021,1,aggregated,insurance,india,2021-Q1,385.9379635405836,0.35426640382990704
insurance,14803,9787391.0,Madhya-Pradesh,2021,2,aggregated,insurance,india,2021-Q2,661.1761805039519,0.02606224440285576
insurance,11990,7806258.0,Madhya-Pradesh,2021,3,aggregated,insurance,india,2021-Q3,651.0640533778148,-0.19002904816591226
insurance,15069,17524432.0,Madhya-Pradesh,2021,4,aggregated,insurance,india,2021-Q4,1162.9459154555711,0.25679733110925773
insurance,13791,19901462.0,Madhya-Pradesh,2022,1,aggregated,insurance,india,2022-Q1,1443.0760640997753,-0.084809874576946
insurance,14629,20159098.0,Madhya-Pradesh,2022,2,aggregated,insurance,india,2022-Q2,1378.0229680771072,0.06076426655064893
insurance,22733,29185118.0,Madhya-Pradesh,2022,3,aggregated,insurance,india,2022-Q3,1283.8216689394274,0.5539681454644882
insurance,29234,42712883.0,Madhya-Pradesh,2022,4,aggregated,insurance,india,2022-Q4,1461.0687213518506,0.28597193507236174
insurance,26393,45135679.0,Madhya-Pradesh,2023,1,aggregated,insurance,india,2023-Q1,1710.138256355852,-0.09718136416501333
insurance,27027,44871764.0,Madhya-Pradesh,2023,2,aggregated,insurance,india,2023-Q2,1660.2569282569282,0.02402152085780318
insurance,29300,46963348.0,Madhya-Pradesh,2023,3,aggregated,insurance,india,2023-Q3,1602.8446416382253,0.08410108410108408
insurance,40784,73801070.0,Madhya-Pradesh,2023,4,aggregated,insurance,india,2023-Q4,1809.5593860337387,0.39194539249146754
insurance,51223,85215982.0,Madhya-Pradesh,2024,1,aggregated,insurance,india,2024-Q1,1663.627315854206,0.2559582189093763
insurance,41429,73836667.0,Madhya-Pradesh,2024,2,aggregated,insurance,india,2024-Q2,1782.2459388351156,-0.19120317045077406
insurance,43248,77995668.0,Madhya-Pradesh,2024,3,aggregated,insurance,india,2024-Q3,1803.4514428412874,0.04390644234714802
insurance,59688,101096769.0,Madhya-Pradesh,2024,4,aggregated,insurance,india,2024-Q4,1693.753669079212,0.3801331853496115
insurance,39836,6879717.0,Maharashtra,2020,2,aggregated,insurance,india,2020-Q2,172.70099909629482,
insurance,71662,19230156.0,Maharashtra,2020,3,aggregated,insurance,india,2020-Q3,268.34523178253465,0.7989255949392509
insurance,44798,27113814.0,Maharashtra,2020,4,aggregated,insurance,india,2020-Q4,605.2460824143935,-0.37487092182746784
insurance,55792,33137753.0,Maharashtra,2021,1,aggregated,insurance,india,2021-Q1,593.9516955835962,0.24541274164025184
insurance,70381,46763103.0,Maharashtra,2021,2,aggregated,insurance,india,2021-Q2,664.4279422003098,0.2614891023802697
insurance,52268,41313307.0,Maharashtra,2021,3,aggregated,insurance,india,2021-Q3,790.4130060457642,-0.2573563887981132
insurance,82423,93262227.0,Maharashtra,2021,4,aggregated,insurance,india,2021-Q4,1131.5073098528323,0.5769304354480753
insurance,88015,117411928.0,Maharashtra,2022,1,aggregated,insurance,india,2022-Q1,1333.9990683406238,0.06784514031277666
insurance,80935,104603934.0,Maharashtra,2022,2,aggregated,insurance,india,2022-Q2,1292.443738802743,-0.08044083394875878
insurance,90958,113835208.0,Maharashtra,2022,3,aggregated,insurance,india,2022-Q3,1251.5139734822665,0.12384011861370237
insurance,125900,174915648.0,Maharashtra,2022,4,aggregated,insurance,india,2022-Q4,1389.3220651310564,0.38415532443545364
insurance,112174,166596248.0,Maharashtra,2023,1,aggregated,insurance,india,2023-Q1,1485.159199101396,-0.10902303415409054
insurance,102754,157303399.0,Maharashtra,2023,2,aggregated,insurance,india,2023-Q2,1530.8737275434532,-0.08397667908784567
insurance,104872,151171882.0,Maharashtra,2023,3,aggregated,insurance,india,2023-Q3,1441.4894538103592,0.02061233625941572
insurance,136968,217657114.0,Maharashtra,2023,4,aggregated,insurance,india,2023-Q4,1589.109237194089,0.3060492791212144
insurance,149016,224725389.0,Maharashtra,2024,1,aggregated,insurance,india,2024-Q1,1508.0621476888389,0.087962151743473
insurance,118933,198945046.0,Maharashtra,2024,2,aggregated,insurance,india,2024-Q2,1672.748909049633,-0.2018776507220701
insurance,119776,201319952.0,Maharashtra,2024,3,aggregated,insurance,india,2024-Q3,1680.8037670317926,0.007088024349844124
insurance,168078,266942711.0,Maharashtra,2024,4,aggregated,insurance,india,2024-Q4,1588.2073263603802,0.40326943628105805
insurance,55,12554.0,Manipur,2020,2,aggregated,insurance,india,2020-Q2,228.25454545454545,
insurance,134,45164.0,Manipur,2020,3,aggregated,insurance,india,2020-Q3,337.04477611940297,1.4363636363636365
insurance,90,49057.0,Manipur,2020,4,aggregated,insurance,india,2020-Q4,545.0777777777778,-0.32835820895522383
insurance,136,72254.0,Manipur,2021,1,aggregated,insurance,india,2021-Q1,531.2794117647059,0.5111111111111111
insurance,127,81332.0,Manipur,2021,2,aggregated,insurance,india,2021-Q2,640.4094488188977,-0.06617647058823528
insurance,111,133016.0,Manipur,2021,3,aggregated,insurance,india,2021-Q3,1198.3423423423424,-0.12598425196850394
insurance,145,271789.0,Manipur,2021,4,aggregated,insurance,india,2021-Q4,1874.4068965517242,0.3063063063063063
insurance,177,517854.0,Manipur,2022,1,aggregated,insurance,india,2022-Q1,2925.728813559322,0.2206896551724138
insurance,218,553649.0,Manipur,2022,2,aggregated,insurance,india,2022-Q2,2539.6743119266057,0.23163841807909602
insurance,200,403213.0,Manipur,2022,3,aggregated,insurance,india,2022-Q3,2016.065,-0.08256880733944949
insurance,271,620655.0,Manipur,2022,4,aggregated,insurance,india,2022-Q4,2290.239852398524,0.355
insurance,222,632084.0,Manipur,2023,1,aggregated,insurance,india,2023-Q1,2847.225225225225,-0.18081180811808117
insurance,123,341671.0,Manipur,2023,2,aggregated,insurance,india,2023-Q2,2777.8130081300815,-0.44594594594594594
insurance,76,193021.0,Manipur,2023,3,aggregated,insurance,india,2023-Q3,2539.75,-0.38211382113821135
insurance,225,476626.0,Manipur,2023,4,aggregated,insurance,india,2023-Q4,2118.337777777778,1.960526315789474
insurance,385,685052.0,Manipur,2024,1,aggregated,insurance,india,2024-Q1,1779.3558441558441,0.711111111111111
insurance,346,647411.0,Manipur,2024,2,aggregated,insurance,india,2024-Q2,1871.1300578034682,-0.10129870129870133
insurance,285,587893.0,Manipur,2024,3,aggregated,insurance,india,2024-Q3,2062.782456140351,-0.17630057803468213
insurance,405,826159.0,Manipur,2024,4,aggregated,insurance,india,2024-Q4,2039.8987654320988,0.42105263157894735
insurance,41,8829.0,Meghalaya,2020,2,aggregated,insurance,india,2020-Q2,215.34146341463415,
insurance,112,33615.0,Meghalaya,2020,3,aggregated,insurance,india,2020-Q3,300.13392857142856,1.731707317073171
insurance,92,71029.0,Meghalaya,2020,4,aggregated,insurance,india,2020-Q4,772.054347826087,-0.1785714285714286
insurance,107,128776.0,Meghalaya,2021,1,aggregated,insurance,india,2021-Q1,1203.5140186915887,0.16304347826086962
insurance,139,148434.0,Meghalaya,2021,2,aggregated,insurance,india,2021-Q2,1067.8705035971223,0.2990654205607477
insurance,139,214554.0,Meghalaya,2021,3,aggregated,insurance,india,2021-Q3,1543.5539568345323,0.0
insurance,263,451612.0,Meghalaya,2021,4,aggregated,insurance,india,2021-Q4,1717.1558935361218,0.8920863309352518
insurance,337,729211.0,Meghalaya,2022,1,aggregated,insurance,india,2022-Q1,2163.8308605341244,0.28136882129277563
insurance,379,789094.0,Meghalaya,2022,2,aggregated,insurance,india,2022-Q2,2082.042216358839,0.12462908011869445
insurance,600,1039491.0,Meghalaya,2022,3,aggregated,insurance,india,2022-Q3,1732.485,0.5831134564643798
insurance,627,1189529.0,Meghalaya,2022,4,aggregated,insurance,india,2022-Q4,1897.1754385964912,0.04499999999999993
insurance,562,1187523.0,Meghalaya,2023,1,aggregated,insurance,india,2023-Q1,2113.0302491103203,-0.10366826156299835
insurance,730,1551577.0,Meghalaya,2023,2,aggregated,insurance,india,2023-Q2,2125.4479452054793,0.29893238434163694
insurance,809,1728076.0,Meghalaya,2023,3,aggregated,insurance,india,2023-Q3,2136.0642768850435,0.10821917808219172
insurance,806,1843364.0,Meghalaya,2023,4,aggregated,insurance,india,2023-Q4,2287.0521091811415,-0.003708281829419069
insurance,1030,1987107.0,Meghalaya,2024,1,aggregated,insurance,india,2024-Q1,1929.2300970873787,0.2779156327543424
insurance,1235,2318007.0,Meghalaya,2024,2,aggregated,insurance,india,2024-Q2,1876.9287449392712,0.19902912621359214
insurance,1140,2443878.0,Meghalaya,2024,3,aggregated,insurance,india,2024-Q3,2143.7526315789473,-0.07692307692307687
insurance,1313,2493656.0,Meghalaya,2024,4,aggregated,insurance,india,2024-Q4,1899.2048743335872,0.1517543859649122
insurance,31,7322.0,Mizoram,2020,2,aggregated,insurance,india,2020-Q2,236.19354838709677,
insurance,74,24691.0,Mizoram,2020,3,aggregated,insurance,india,2020-Q3,333.6621621621622,1.3870967741935485
insurance,81,119124.0,Mizoram,2020,4,aggregated,insurance,india,2020-Q4,1470.6666666666667,0.09459459459459452
insurance,415,302841.0,Mizoram,2021,1,aggregated,insurance,india,2021-Q1,729.7373493975904,4.1234567901234565
insurance,187,124805.0,Mizoram,2021,2,aggregated,insurance,india,2021-Q2,667.4064171122994,-0.5493975903614459
insurance,81,83641.0,Mizoram,2021,3,aggregated,insurance,india,2021-Q3,1032.6049382716049,-0.5668449197860963
insurance,100,175847.0,Mizoram,2021,4,aggregated,insurance,india,2021-Q4,1758.47,0.23456790123456783
insurance,85,189428.0,Mizoram,2022,1,aggregated,insurance,india,2022-Q1,2228.564705882353,-0.15000000000000002
insurance,76,115090.0,Mizoram,2022,2,aggregated,insurance,india,2022-Q2,1514.342105263158,-0.10588235294117643
insurance,310,471306.0,Mizoram,2022,3,aggregated,insurance,india,2022-Q3,1520.3419354838709,3.078947368421052
insurance,350,612551.0,Mizoram,2022,4,aggregated,insurance,india,2022-Q4,1750.1457142857143,0.12903225806451624
insurance,171,326688.0,Mizoram,2023,1,aggregated,insurance,india,2023-Q1,1910.4561403508771,-0.5114285714285715
insurance,119,232928.0,Mizoram,2023,2,aggregated,insurance,india,2023-Q2,1957.3781512605042,-0.30409356725146197
insurance,166,271799.0,Mizoram,2023,3,aggregated,insurance,india,2023-Q3,1637.3433734939758,0.39495798319327724
insurance,312,557950.0,Mizoram,2023,4,aggregated,insurance,india,2023-Q4,1788.301282051282,0.8795180722891567
insurance,277,427693.0,Mizoram,2024,1,aggregated,insurance,india,2024-Q1,1544.0180505415162,-0.11217948717948723
insurance,214,331455.0,Mizoram,2024,2,aggregated,insurance,india,2024-Q2,1548.8551401869158,-0.22743682310469315
insurance,186,275746.0,Mizoram,2024,3,aggregated,insurance,india,2024-Q3,1482.505376344086,-0.13084112149532712
insurance,489,811687.0,Mizoram,2024,4,aggregated,insurance,india,2024-Q4,1659.8916155419222,1.629032258064516
insurance,41,9791.0,Nagaland,2020,2,aggregated,insurance,india,2020-Q2,238.8048780487805,
insurance,89,20798.0,Nagaland,2020,3,aggregated,insurance,india,2020-Q3,233.68539325842696,1.1707317073170733
insurance,62,38836.0,Nagaland,2020,4,aggregated,insurance,india,2020-Q4,626.3870967741935,-0.3033707865168539
insurance,79,42973.0,Nagaland,2021,1,aggregated,insurance,india,2021-Q1,543.9620253164557,0.27419354838709675
insurance,85,139479.0,Nagaland,2021,2,aggregated,insurance,india,2021-Q2,1640.929411764706,0.07594936708860756
insurance,91,123643.0,Nagaland,2021,3,aggregated,insurance,india,2021-Q3,1358.7142857142858,0.07058823529411762
insurance,183,341424.0,Nagaland,2021,4,aggregated,insurance,india,2021-Q4,1865.704918032787,1.010989010989011
insurance,242,529223.0,Nagaland,2022,1,aggregated,insurance,india,2022-Q1,2186.871900826446,0.32240437158469937
insurance,186,380878.0,Nagaland,2022,2,aggregated,insurance,india,2022-Q2,2047.731182795699,-0.23140495867768596
insurance,210,439669.0,Nagaland,2022,3,aggregated,insurance,india,2022-Q3,2093.6619047619047,0.12903225806451624
insurance,367,700864.0,Nagaland,2022,4,aggregated,insurance,india,2022-Q4,1909.7111716621253,0.7476190476190476
insurance,320,704957.0,Nagaland,2023,1,aggregated,insurance,india,2023-Q1,2202.990625,-0.12806539509536785
insurance,269,628890.0,Nagaland,2023,2,aggregated,insurance,india,2023-Q2,2337.881040892193,-0.15937500000000004
insurance,268,632287.0,Nagaland,2023,3,aggregated,insurance,india,2023-Q3,2359.2798507462685,-0.0037174721189591198
insurance,331,822973.0,Nagaland,2023,4,aggregated,insurance,india,2023-Q4,2486.323262839879,0.2350746268656716
insurance,526,925684.0,Nagaland,2024,1,aggregated,insurance,india,2024-Q1,1759.855513307985,0.5891238670694865
insurance,418,685292.0,Nagaland,2024,2,aggregated,insurance,india,2024-Q2,1639.4545454545455,-0.2053231939163498
insurance,410,820539.0,Nagaland,2024,3,aggregated,insurance,india,2024-Q3,2001.3146341463414,-0.019138755980861233
insurance,568,1168417.0,Nagaland,2024,4,aggregated,insurance,india,2024-Q4,2057.0721830985917,0.3853658536585365
insurance,2981,615193.0,Odisha,2020,2,aggregated,insurance,india,2020-Q2,206.37135189533714,
insurance,10955,2640191.0,Odisha,2020,3,aggregated,insurance,india,2020-Q3,241.00328617069832,2.674941294867494
insurance,7526,4208701.0,Odisha,2020,4,aggregated,insurance,india,2020-Q4,559.2214988041457,-0.3130077590141488
insurance,8236,4383330.0,Odisha,2021,1,aggregated,insurance,india,2021-Q1,532.2158814958718,0.09433962264150941
insurance,7942,5832924.0,Odisha,2021,2,aggregated,insurance,india,2021-Q2,734.4401913875598,-0.03569694026226322
insurance,7967,6008686.0,Odisha,2021,3,aggregated,insurance,india,2021-Q3,754.1968118488766,0.0031478217073785952
insurance,9093,10941626.0,Odisha,2021,4,aggregated,insurance,india,2021-Q4,1203.3021005168812,0.1413329986193046
insurance,9627,14539309.0,Odisha,2022,1,aggregated,insurance,india,2022-Q1,1510.2637374052144,0.05872649290663157
insurance,12371,16631095.0,Odisha,2022,2,aggregated,insurance,india,2022-Q2,1344.3614097486056,0.28503168172847193
insurance,18898,23308531.0,Odisha,2022,3,aggregated,insurance,india,2022-Q3,1233.3861255159277,0.5276048823862258
insurance,24538,33565401.0,Odisha,2022,4,aggregated,insurance,india,2022-Q4,1367.8947346972043,0.29844427981797006
insurance,18899,29360555.0,Odisha,2023,1,aggregated,insurance,india,2023-Q1,1553.5507169691518,-0.22980683022251203
insurance,22163,31307110.0,Odisha,2023,2,aggregated,insurance,india,2023-Q2,1412.584487659613,0.1727075506640563
insurance,20263,29008350.0,Odisha,2023,3,aggregated,insurance,india,2023-Q3,1431.5920643537481,-0.08572846636285703
insurance,25065,39753392.0,Odisha,2023,4,aggregated,insurance,india,2023-Q4,1586.012048673449,0.23698366480777766
insurance,27977,40032495.0,Odisha,2024,1,aggregated,insurance,india,2024-Q1,1430.907352468099,0.11617793736285664
insurance,24579,36840474.0,Odisha,2024,2,aggregated,insurance,india,2024-Q2,1498.859758330282,-0.12145691103406364
insurance,26524,40608651.0,Odisha,2024,3,aggregated,insurance,india,2024-Q3,1531.0153445935757,0.0791325928638269
insurance,33165,46973224.0,Odisha,2024,4,aggregated,insurance,india,2024-Q4,1416.3492838836123,0.2503770170411703
insurance,112,22251.0,Puducherry,2020,2,aggregated,insurance,india,2020-Q2,198.66964285714286,
insurance,191,58399.0,Puducherry,2020,3,aggregated,insurance,india,2020-Q3,305.75392670157066,0.7053571428571428
insurance,234,197955.0,Puducherry,2020,4,aggregated,insurance,india,2020-Q4,845.9615384615385,0.2251308900523561
insurance,372,351827.0,Puducherry,2021,1,aggregated,insurance,india,2021-Q1,945.7715053763441,0.5897435897435896
insurance,526,508277.0,Puducherry,2021,2,aggregated,insurance,india,2021-Q2,966.3060836501901,0.413978494623656
insurance,561,556442.0,Puducherry,2021,3,aggregated,insurance,india,2021-Q3,991.8752228163993,0.06653992395437269
insurance,786,946607.0,Puducherry,2021,4,aggregated,insurance,india,2021-Q4,1204.3346055979644,0.4010695187165776
insurance,1199,1663404.0,Puducherry,2022,1,aggregated,insurance,india,2022-Q1,1387.326105087573,0.525445292620865
insurance,1156,1597786.0,Puducherry,2022,2,aggregated,insurance,india,2022-Q2,1382.1678200692043,-0.03586321934945791
insurance,1585,2025529.0,Puducherry,2022,3,aggregated,insurance,india,2022-Q3,1277.9362776025237,0.37110726643598624
insurance,2331,2693130.0,Puducherry,2022,4,aggregated,insurance,india,2022-Q4,1155.3539253539254,0.47066246056782335
insurance,1955,2593091.0,Puducherry,2023,1,aggregated,insurance,india,2023-Q1,1326.3892583120205,-0.16130416130416125
insurance,1809,2614006.0,Puducherry,2023,2,aggregated,insurance,india,2023-Q2,1445.0005527915976,-0.07468030690537086
insurance,2232,2891647.0,Puducherry,2023,3,aggregated,insurance,india,2023-Q3,1295.540770609319,0.2338308457711442
insurance,2447,3419395.0,Puducherry,2023,4,aggregated,insurance,india,2023-Q4,1397.3825091949325,0.09632616487455192
insurance,2702,3793554.0,Puducherry,2024,1,aggregated,insurance,india,2024-Q1,1403.980014803849,0.10420923579893748
insurance,2304,3322997.0,Puducherry,2024,2,aggregated,insurance,india,2024-Q2,1442.2730034722222,-0.1472982975573649
insurance,2600,3968523.0,Puducherry,2024,3,aggregated,insurance,india,2024-Q3,1526.355,0.12847222222222232
insurance,2838,3896033.0,Puducherry,2024,4,aggregated,insurance,india,2024-Q4,1372.8093727977448,0.09153846153846157
insurance,2036,399452.0,Punjab,2020,2,aggregated,insurance,india,2020-Q2,196.19449901768172,
insurance,2488,684753.0,Punjab,2020,3,aggregated,insurance,india,2020-Q3,275.22226688102893,0.22200392927308443
insurance,2451,1884291.0,Punjab,2020,4,aggregated,insurance,india,2020-Q4,768.7845777233782,-0.014871382636655994
insurance,3783,2558380.0,Punjab,2021,1,aggregated,insurance,india,2021-Q1,676.283372984404,0.543451652386781
insurance,4047,3768919.0,Punjab,2021,2,aggregated,insurance,india,2021-Q2,931.2871262663701,0.06978588421887388
insurance,4887,5271559.0,Punjab,2021,3,aggregated,insurance,india,2021-Q3,1078.6901984857786,0.2075611564121571
insurance,6638,9912828.0,Punjab,2021,4,aggregated,insurance,india,2021-Q4,1493.3455860198856,0.35829752404338033
insurance,7475,13155682.0,Punjab,2022,1,aggregated,insurance,india,2022-Q1,1759.9574581939798,0.12609219644471237
insurance,9175,15465367.0,Punjab,2022,2,aggregated,insurance,india,2022-Q2,1685.5985831062671,0.22742474916387967
insurance,12370,19381895.0,Punjab,2022,3,aggregated,insurance,india,2022-Q3,1566.8468067906224,0.3482288828337874
insurance,12187,21727831.0,Punjab,2022,4,aggregated,insurance,india,2022-Q4,1782.8695331090507,-0.014793856103476166
insurance,10816,23330966.0,Punjab,2023,1,aggregated,insurance,india,2023-Q1,2157.0789571005917,-0.11249692295068514
insurance,13187,24998175.0,Punjab,2023,2,aggregated,insurance,india,2023-Q2,1895.6680822021688,0.2192122781065089
insurance,14048,24461488.0,Punjab,2023,3,aggregated,insurance,india,2023-Q3,1741.2790432801821,0.06529157503602034
insurance,13777,28715828.0,Punjab,2023,4,aggregated,insurance,india,2023-Q4,2084.330986426653,-0.019291002277904368
insurance,14729,28213940.0,Punjab,2024,1,aggregated,insurance,india,2024-Q1,1915.5366963133954,0.0691006750381069
insurance,14129,27164397.0,Punjab,2024,2,aggregated,insurance,india,2024-Q2,1922.5986977139216,-0.0407359630660602
insurance,15509,30111034.0,Punjab,2024,3,aggregated,insurance,india,2024-Q3,1941.5200206331808,0.09767145587090376
insurance,16279,31878987.0,Punjab,2024,4,aggregated,insurance,india,2024-Q4,1958.28902266724,0.04964859114062792
insurance,5373,1095933.0,Rajasthan,2020,2,aggregated,insurance,india,2020-Q2,203.97040759352316,
insurance,15235,3758527.0,Rajasthan,2020,3,aggregated,insurance,india,2020-Q3,246.7034460124713,1.8354736646193932
insurance,12509,6471573.0,Rajasthan,2020,4,aggregated,insurance,india,2020-Q4,517.3533455911744,-0.17893009517558256
insurance,17800,8074225.0,Rajasthan,2021,1,aggregated,insurance,india,2021-Q1,453.6081460674157,0.4229754576704772
insurance,18281,14357445.0,Rajasthan,2021,2,aggregated,insurance,india,2021-Q2,785.3752529949128,0.027022471910112422
insurance,16643,12793862.0,Rajasthan,2021,3,aggregated,insurance,india,2021-Q3,768.7233070960764,-0.08960122531590176
insurance,19375,24455262.0,Rajasthan,2021,4,aggregated,insurance,india,2021-Q4,1262.2070709677419,0.16415309739830564
insurance,21517,31576932.0,Rajasthan,2022,1,aggregated,insurance,india,2022-Q1,1467.5341357996003,0.11055483870967753
insurance,24333,33748931.0,Rajasthan,2022,2,aggregated,insurance,india,2022-Q2,1386.9613693338265,0.13087326300134783
insurance,33975,45565544.0,Rajasthan,2022,3,aggregated,insurance,india,2022-Q3,1341.1491979396615,0.396252003452102
insurance,40926,60792838.0,Rajasthan,2022,4,aggregated,insurance,india,2022-Q4,1485.4331720666569,0.2045916114790287
insurance,34415,61441050.0,Rajasthan,2023,1,aggregated,insurance,india,2023-Q1,1785.2985616736887,-0.15909201974295073
insurance,37170,61301449.0,Rajasthan,2023,2,aggregated,insurance,india,2023-Q2,1649.2184288404628,0.08005230277495268
insurance,39960,64328784.0,Rajasthan,2023,3,aggregated,insurance,india,2023-Q3,1609.8294294294294,0.07506053268765123
insurance,49741,94701652.0,Rajasthan,2023,4,aggregated,insurance,india,2023-Q4,1903.8952172252266,0.24476976976976972
insurance,59127,102926410.0,Rajasthan,2024,1,aggregated,insurance,india,2024-Q1,1740.7683461024574,0.18869745280553274
insurance,55241,95504657.0,Rajasthan,2024,2,aggregated,insurance,india,2024-Q2,1728.8727032457775,-0.06572293537639318
insurance,64533,108827800.0,Rajasthan,2024,3,aggregated,insurance,india,2024-Q3,1686.3899090387863,0.1682083959377998
insurance,73530,127930986.0,Rajasthan,2024,4,aggregated,insurance,india,2024-Q4,1739.8474908200735,0.13941704244340114
insurance,21,4789.0,Sikkim,2020,2,aggregated,insurance,india,2020-Q2,228.04761904761904,
insurance,94,28000.0,Sikkim,2020,3,aggregated,insurance,india,2020-Q3,297.8723404255319,3.4761904761904763
insurance,67,70214.0,Sikkim,2020,4,aggregated,insurance,india,2020-Q4,1047.9701492537313,-0.2872340425531915
insurance,122,111777.0,Sikkim,2021,1,aggregated,insurance,india,2021-Q1,916.2049180327868,0.8208955223880596
insurance,93,122064.0,Sikkim,2021,2,aggregated,insurance,india,2021-Q2,1312.516129032258,-0.23770491803278693
insurance,106,140552.0,Sikkim,2021,3,aggregated,insurance,india,2021-Q3,1325.9622641509434,0.13978494623655924
insurance,195,503532.0,Sikkim,2021,4,aggregated,insurance,india,2021-Q4,2582.2153846153847,0.8396226415094339
insurance,239,685987.0,Sikkim,2022,1,aggregated,insurance,india,2022-Q1,2870.2384937238494,0.22564102564102573
insurance,160,383709.0,Sikkim,2022,2,aggregated,insurance,india,2022-Q2,2398.18125,-0.33054393305439334
insurance,243,474940.0,Sikkim,2022,3,aggregated,insurance,india,2022-Q3,1954.485596707819,0.51875
insurance,306,667214.0,Sikkim,2022,4,aggregated,insurance,india,2022-Q4,2180.4379084967322,0.2592592592592593
insurance,260,688605.0,Sikkim,2023,1,aggregated,insurance,india,2023-Q1,2648.480769230769,-0.15032679738562094
insurance,270,628191.0,Sikkim,2023,2,aggregated,insurance,india,2023-Q2,2326.633333333333,0.03846153846153855
insurance,251,698251.0,Sikkim,2023,3,aggregated,insurance,india,2023-Q3,2781.8764940239043,-0.07037037037037042
insurance,324,793745.0,Sikkim,2023,4,aggregated,insurance,india,2023-Q4,2449.83024691358,0.29083665338645415
insurance,400,880182.0,Sikkim,2024,1,aggregated,insurance,india,2024-Q1,2200.455,0.23456790123456783
insurance,685,1590554.0,Sikkim,2024,2,aggregated,insurance,india,2024-Q2,2321.9766423357664,0.7124999999999999
insurance,461,1029398.0,Sikkim,2024,3,aggregated,insurance,india,2024-Q3,2232.9674620390456,-0.327007299270073
insurance,599,1381680.0,Sikkim,2024,4,aggregated,insurance,india,2024-Q4,2306.644407345576,0.2993492407809111
insurance,5473,1075552.0,Tamil-Nadu,2020,2,aggregated,insurance,india,2020-Q2,196.51964187831172,
insurance,8026,2257373.0,Tamil-Nadu,2020,3,aggregated,insurance,india,2020-Q3,281.25753800149516,0.4664717705097752
insurance,10290,8993575.0,Tamil-Nadu,2020,4,aggregated,insurance,india,2020-Q4,874.011175898931,0.2820832295041116
insurance,14406,11180849.0,Tamil-Nadu,2021,1,aggregated,insurance,india,2021-Q1,776.1244620297099,0.3999999999999999
insurance,17682,16444344.0,Tamil-Nadu,2021,2,aggregated,insurance,india,2021-Q2,930.0047505938243,0.22740524781341098
insurance,23107,23402918.0,Tamil-Nadu,2021,3,aggregated,insurance,india,2021-Q3,1012.8064222962738,0.3068091844813936
insurance,33037,42184290.0,Tamil-Nadu,2021,4,aggregated,insurance,india,2021-Q4,1276.8801646638617,0.4297399056562947
insurance,47621,64969045.0,Tamil-Nadu,2022,1,aggregated,insurance,india,2022-Q1,1364.2940089456333,0.44144444108121195
insurance,46714,61835120.0,Tamil-Nadu,2022,2,aggregated,insurance,india,2022-Q2,1323.6956800959026,-0.019046219105016693
insurance,64356,79747520.0,Tamil-Nadu,2022,3,aggregated,insurance,india,2022-Q3,1239.1621604823172,0.377659802200625
insurance,125491,146457790.0,Tamil-Nadu,2022,4,aggregated,insurance,india,2022-Q4,1167.0780374688225,0.9499502765864876
insurance,90690,116710222.0,Tamil-Nadu,2023,1,aggregated,insurance,india,2023-Q1,1286.9139045098689,-0.27731869217712823
insurance,79698,105328191.0,Tamil-Nadu,2023,2,aggregated,insurance,india,2023-Q2,1321.5913950161862,-0.1212041018855442
insurance,91069,114625593.0,Tamil-Nadu,2023,3,aggregated,insurance,india,2023-Q3,1258.667526820323,0.14267610228613004
insurance,104871,139433796.0,Tamil-Nadu,2023,4,aggregated,insurance,india,2023-Q4,1329.5743913951426,0.151555414026727
insurance,111521,148976175.0,Tamil-Nadu,2024,1,aggregated,insurance,india,2024-Q1,1335.8575963271492,0.06341123856928998
insurance,97348,135972378.0,Tamil-Nadu,2024,2,aggregated,insurance,india,2024-Q2,1396.7660147101121,-0.1270881717344715
insurance,116867,162128271.0,Tamil-Nadu,2024,3,aggregated,insurance,india,2024-Q3,1387.288721367024,0.20050745778033452
insurance,127002,173784251.0,Tamil-Nadu,2024,4,aggregated,insurance,india,2024-Q4,1368.3583801829893,0.08672251362660122
insurance,19003,3419453.0,Telangana,2020,2,aggregated,insurance,india,2020-Q2,179.94279850549913,
insurance,34395,8406543.0,Telangana,2020,3,aggregated,insurance,india,2020-Q3,244.41177496729176,0.8099773719938956
insurance,20961,11339099.0,Telangana,2020,4,aggregated,insurance,india,2020-Q4,540.9617384666763,-0.39058002616659393
insurance,28298,14810947.0,Telangana,2021,1,aggregated,insurance,india,2021-Q1,523.3920065022263,0.3500310099708983
insurance,28870,20935651.0,Telangana,2021,2,aggregated,insurance,india,2021-Q2,725.1697609975753,0.020213442646123347
insurance,27080,20925217.0,Telangana,2021,3,aggregated,insurance,india,2021-Q3,772.7185007385524,-0.06200207828195359
insurance,34848,38845492.0,Telangana,2021,4,aggregated,insurance,india,2021-Q4,1114.7122359963269,0.2868537666174298
insurance,36325,51942016.0,Telangana,2022,1,aggregated,insurance,india,2022-Q1,1429.9247350309704,0.042384067952249804
insurance,45600,58056956.0,Telangana,2022,2,aggregated,insurance,india,2022-Q2,1273.1788596491228,0.25533379215416385
insurance,51465,64798126.0,Telangana,2022,3,aggregated,insurance,india,2022-Q3,1259.0717186437384,0.12861842105263155
insurance,64655,88544127.0,Telangana,2022,4,aggregated,insurance,india,2022-Q4,1369.4861495630655,0.2562906829884388
insurance,54508,82678207.0,Telangana,2023,1,aggregated,insurance,india,2023-Q1,1516.8086702869305,-0.15694068517516047
insurance,55118,79238968.0,Telangana,2023,2,aggregated,insurance,india,2023-Q2,1437.624151819732,0.011191017832244743
insurance,61523,84397465.0,Telangana,2023,3,aggregated,insurance,india,2023-Q3,1371.803471872308,0.11620523241046476
insurance,63993,105605522.0,Telangana,2023,4,aggregated,insurance,india,2023-Q4,1650.2667791789727,0.04014758708125421
insurance,67388,105607539.0,Telangana,2024,1,aggregated,insurance,india,2024-Q1,1567.1564521873331,0.053052677636616474
insurance,56941,96037304.0,Telangana,2024,2,aggregated,insurance,india,2024-Q2,1686.6107725540471,-0.1550276013533567
insurance,64873,110715264.0,Telangana,2024,3,aggregated,insurance,india,2024-Q3,1706.64627811262,0.1393020846138986
insurance,78498,124755619.0,Telangana,2024,4,aggregated,insurance,india,2024-Q4,1589.2840454533873,0.21002574260478157
insurance,88,22054.0,Tripura,2020,2,aggregated,insurance,india,2020-Q2,250.61363636363637,
insurance,249,61642.0,Tripura,2020,3,aggregated,insurance,india,2020-Q3,247.5582329317269,1.8295454545454546
insurance,244,149765.0,Tripura,2020,4,aggregated,insurance,india,2020-Q4,613.7909836065573,-0.02008032128514059
insurance,360,191531.0,Tripura,2021,1,aggregated,insurance,india,2021-Q1,532.0305555555556,0.47540983606557385
insurance,381,409934.0,Tripura,2021,2,aggregated,insurance,india,2021-Q2,1075.9422572178478,0.05833333333333335
insurance,494,649961.0,Tripura,2021,3,aggregated,insurance,india,2021-Q3,1315.7105263157894,0.2965879265091864
insurance,702,1022508.0,Tripura,2021,4,aggregated,insurance,india,2021-Q4,1456.5641025641025,0.42105263157894735
insurance,907,1493401.0,Tripura,2022,1,aggregated,insurance,india,2022-Q1,1646.5281146637267,0.292022792022792
insurance,1021,1509105.0,Tripura,2022,2,aggregated,insurance,india,2022-Q2,1478.0656219392752,0.1256890848952592
insurance,1590,2105984.0,Tripura,2022,3,aggregated,insurance,india,2022-Q3,1324.5182389937106,0.5572967678746328
insurance,1508,2112534.0,Tripura,2022,4,aggregated,insurance,india,2022-Q4,1400.8846153846155,-0.051572327044025146
insurance,1642,2404958.0,Tripura,2023,1,aggregated,insurance,india,2023-Q1,1464.6516443361754,0.08885941644562334
insurance,1563,2163813.0,Tripura,2023,2,aggregated,insurance,india,2023-Q2,1384.3973128598848,-0.04811205846528621
insurance,2071,2899393.0,Tripura,2023,3,aggregated,insurance,india,2023-Q3,1399.9966199903429,0.3250159948816378
insurance,2237,3169741.0,Tripura,2023,4,aggregated,insurance,india,2023-Q4,1416.9606616003575,0.08015451472718493
insurance,2637,3417568.0,Tripura,2024,1,aggregated,insurance,india,2024-Q1,1296.0060675009481,0.17881090746535544
insurance,2188,2869489.0,Tripura,2024,2,aggregated,insurance,india,2024-Q2,1311.4666361974405,-0.17026924535456955
insurance,2516,3323343.0,Tripura,2024,3,aggregated,insurance,india,2024-Q3,1320.883545310016,0.14990859232175513
insurance,2794,3765732.0,Tripura,2024,4,aggregated,insurance,india,2024-Q4,1347.7924123120974,0.11049284578696339
insurance,9884,1912266.0,Uttar-Pradesh,2020,2,aggregated,insurance,india,2020-Q2,193.47086199919062,
insurance,18131,4436969.0,Uttar-Pradesh,2020,3,aggregated,insurance,india,2020-Q3,244.71727979703272,0.8343787940105221
insurance,17470,14180417.0,Uttar-Pradesh,2020,4,aggregated,insurance,india,2020-Q4,811.7010303377218,-0.036456897027191015
insurance,24103,18027573.0,Uttar-Pradesh,2021,1,aggregated,insurance,india,2021-Q1,747.9389702526656,0.3796794504865484
insurance,25952,25137571.0,Uttar-Pradesh,2021,2,aggregated,insurance,india,2021-Q2,968.6178714549939,0.07671244243455178
insurance,32799,32641118.0,Uttar-Pradesh,2021,3,aggregated,insurance,india,2021-Q3,995.1863776334644,0.26383323057953145
insurance,44132,59654951.0,Uttar-Pradesh,2021,4,aggregated,insurance,india,2021-Q4,1351.7391235384755,0.34552882709838717
insurance,45996,73014969.0,Uttar-Pradesh,2022,1,aggregated,insurance,india,2022-Q1,1587.4199713018522,0.04223692558687575
insurance,55133,77434953.0,Uttar-Pradesh,2022,2,aggregated,insurance,india,2022-Q2,1404.511871293055,0.1986477084963909
insurance,64514,87703512.0,Uttar-Pradesh,2022,3,aggregated,insurance,india,2022-Q3,1359.4492978268283,0.17015217746177425
insurance,77022,116755813.0,Uttar-Pradesh,2022,4,aggregated,insurance,india,2022-Q4,1515.8761522681832,0.19388039805313584
insurance,73080,127110494.0,Uttar-Pradesh,2023,1,aggregated,insurance,india,2023-Q1,1739.3335249042145,-0.051180182285580744
insurance,74194,122522457.0,Uttar-Pradesh,2023,2,aggregated,insurance,india,2023-Q2,1651.3795859503464,0.015243568691844622
insurance,78940,121483170.0,Uttar-Pradesh,2023,3,aggregated,insurance,india,2023-Q3,1538.930453508994,0.06396743671995031
insurance,92125,165509877.0,Uttar-Pradesh,2023,4,aggregated,insurance,india,2023-Q4,1796.5793975576662,0.16702558905497855
insurance,103701,176442664.0,Uttar-Pradesh,2024,1,aggregated,insurance,india,2024-Q1,1701.4557622395155,0.12565535956580742
insurance,92458,159894258.0,Uttar-Pradesh,2024,2,aggregated,insurance,india,2024-Q2,1729.3718012502975,-0.10841746945545361
insurance,92930,157303596.0,Uttar-Pradesh,2024,3,aggregated,insurance,india,2024-Q3,1692.7105993758744,0.005105020658028536
insurance,116589,199179867.0,Uttar-Pradesh,2024,4,aggregated,insurance,india,2024-Q4,1708.3933046856907,0.25458947594963943
insurance,660,134899.0,Uttarakhand,2020,2,aggregated,insurance,india,2020-Q2,204.39242424242425,
insurance,1403,418543.0,Uttarakhand,2020,3,aggregated,insurance,india,2020-Q3,298.320028510335,1.125757575757576
insurance,1756,1961891.0,Uttarakhand,2020,4,aggregated,insurance,india,2020-Q4,1117.25,0.25160370634354945
insurance,2607,2719327.0,Uttarakhand,2021,1,aggregated,insurance,india,2021-Q1,1043.0866896816265,0.4846241457858771
insurance,2742,3265717.0,Uttarakhand,2021,2,aggregated,insurance,india,2021-Q2,1190.9981765134937,0.05178365937859608
insurance,4111,4646571.0,Uttarakhand,2021,3,aggregated,insurance,india,2021-Q3,1130.277548041839,0.49927060539752
insurance,5529,7849020.0,Uttarakhand,2021,4,aggregated,insurance,india,2021-Q4,1419.6093326098753,0.34492824130381905
insurance,5339,8824948.0,Uttarakhand,2022,1,aggregated,insurance,india,2022-Q1,1652.9215208840608,-0.03436426116838487
insurance,5773,9168313.0,Uttarakhand,2022,2,aggregated,insurance,india,2022-Q2,1588.1366707084705,0.08128863082974336
insurance,6784,10070172.0,Uttarakhand,2022,3,aggregated,insurance,india,2022-Q3,1484.4003537735848,0.1751255846180495
insurance,8750,13817747.0,Uttarakhand,2022,4,aggregated,insurance,india,2022-Q4,1579.1710857142857,0.2897995283018868
insurance,7552,13599026.0,Uttarakhand,2023,1,aggregated,insurance,india,2023-Q1,1800.7184851694915,-0.13691428571428577
insurance,8051,14034915.0,Uttarakhand,2023,2,aggregated,insurance,india,2023-Q2,1743.2511489255994,0.06607521186440679
insurance,7856,12636749.0,Uttarakhand,2023,3,aggregated,insurance,india,2023-Q3,1608.5474796334013,-0.024220593715066463
insurance,10040,19045152.0,Uttarakhand,2023,4,aggregated,insurance,india,2023-Q4,1896.9274900398407,0.2780040733197555
insurance,11533,19531483.0,Uttarakhand,2024,1,aggregated,insurance,india,2024-Q1,1693.5301309286397,0.14870517928286842
insurance,10311,17754447.0,Uttarakhand,2024,2,aggregated,insurance,india,2024-Q2,1721.8938027349432,-0.10595681956125902
insurance,10487,17860144.0,Uttarakhand,2024,3,aggregated,insurance,india,2024-Q3,1703.0746638695528,0.01706914945204141
insurance,13090,23367549.0,Uttarakhand,2024,4,aggregated,insurance,india,2024-Q4,1785.1450725744844,0.24821207208925333
insurance,7619,1432764.0,West-Bengal,2020,2,aggregated,insurance,india,2020-Q2,188.05145032156452,
insurance,12596,2878482.0,West-Bengal,2020,3,aggregated,insurance,india,2020-Q3,228.5234995236583,0.6532353327208296
insurance,10233,7510455.0,West-Bengal,2020,4,aggregated,insurance,india,2020-Q4,733.9445910290237,-0.1875992378532868
insurance,15488,11172042.0,West-Bengal,2021,1,aggregated,insurance,india,2021-Q1,721.3353564049587,0.5135346428222418
insurance,15200,12396029.0,West-Bengal,2021,2,aggregated,insurance,india,2021-Q2,815.5282236842105,-0.018595041322314043
insurance,24839,21424337.0,West-Bengal,2021,3,aggregated,insurance,india,2021-Q3,862.5281613591529,0.6341447368421054
insurance,26320,31282871.0,West-Bengal,2021,4,aggregated,insurance,india,2021-Q4,1188.5589285714286,0.05962397842103151
insurance,38779,51160527.0,West-Bengal,2022,1,aggregated,insurance,india,2022-Q1,1319.2843291472188,0.4733662613981764
insurance,33542,41737021.0,West-Bengal,2022,2,aggregated,insurance,india,2022-Q2,1244.3211794168506,-0.13504731942546222
insurance,47853,59092307.0,West-Bengal,2022,3,aggregated,insurance,india,2022-Q3,1234.8715232064865,0.42665911394669376
insurance,54277,70466433.0,West-Bengal,2022,4,aggregated,insurance,india,2022-Q4,1298.2742782394016,0.13424445698284337
insurance,56833,77461732.0,West-Bengal,2023,1,aggregated,insurance,india,2023-Q1,1362.9710203578907,0.04709176999465714
insurance,49792,65204280.0,West-Bengal,2023,2,aggregated,insurance,india,2023-Q2,1309.5332583547558,-0.12388928967325319
insurance,58131,76359312.0,West-Bengal,2023,3,aggregated,insurance,india,2023-Q3,1313.572998916241,0.16747670308483298
insurance,72712,100365562.0,West-Bengal,2023,4,aggregated,insurance,india,2023-Q4,1380.3163439322257,0.25083002184720726
insurance,79576,104987909.0,West-Bengal,2024,1,aggregated,insurance,india,2024-Q1,1319.341371770383,0.09439982396303215
insurance,67048,89476633.0,West-Bengal,2024,2,aggregated,insurance,india,2024-Q2,1334.5160631189597,-0.1574344023323615
insurance,77158,107451766.0,West-Bengal,2024,3,aggregated,insurance,india,2024-Q3,1392.6198968350657,0.15078749552559367
insurance,91719,120602777.0,West-Bengal,2024,4,aggregated,insurance,india,2024-Q4,1314.9159607060697,0.1887166593224292
